Timestamp,Open,High,Low,Close,Volume,Ticker,return,rolling_mean_20,rolling_volatility_20,high_low_spread,momentum,volume_change,price_range_ratio,volume_zscore,return_zscore
6/18/2024,186.5599976,187.1999969,182.3699951,184.8600006,68982300,TSLA,-0.013764414,178.275,0.028391655,4.830001831,-2.580001831,0.92036549,0.02612789,-0.29656485,-0.595251336
6/20/2024,184.6799927,185.2100067,179.6600037,181.5700073,55893100,TSLA,-0.017797216,178.0235001,0.024463996,5.550003052,-3.289993286,0.776483779,0.030566739,-0.886550906,-0.683191163
6/21/2024,182.3000031,183.9499969,180.6900024,183.0099945,61937300,TSLA,0.007930755,178.1684998,0.023199179,3.259994507,1.439987183,0.876510442,0.017813205,-0.488729855,0.296511848
6/24/2024,184.9700012,188.8000031,182.5500031,182.5800018,61992100,TSLA,-0.002349558,178.6104996,0.021590131,6.25,-0.429992676,0.883527222,0.034231569,-0.455137666,-0.234012757
6/25/2024,184.3999939,187.9700012,182.0099945,187.3500061,62905700,TSLA,0.026125557,179.0159996,0.021232201,5.960006714,4.770004272,0.898262819,0.031812151,-0.395785219,1.116195907
6/26/2024,186.5399933,197.7599945,186.3600006,196.3699951,95737100,TSLA,0.048145123,179.9969994,0.02316624,11.3999939,9.019989014,1.332821108,0.058053645,1.278150257,1.83961681
6/27/2024,195.1699982,198.7200012,194.0500031,197.4199982,72746500,TSLA,0.005347065,181.0584991,0.023076074,4.669998169,1.050003052,1.000245914,0.023655142,0.000979,-0.02629657
6/28/2024,199.5500031,203.1999969,195.2599945,197.8800049,95438100,TSLA,0.002330092,182.0129997,0.022993728,7.940002441,0.460006714,1.296368087,0.04012534,1.151869963,-0.130577425
07-01-2024,201.0200043,213.2299957,200.8500061,209.8600006,135691400,TSLA,0.060541719,183.6019997,0.02595433,12.37998962,11.97999573,1.761346673,0.058991659,2.50740504,2.002884478
07-02-2024,218.8899994,231.3000031,218.0599976,231.2599945,205047900,TSLA,0.101972714,186.3504997,0.032888479,13.24000549,21.3999939,2.445051948,0.057251603,3.289938153,2.670032267
07-03-2024,234.5599976,248.3500061,234.25,246.3899994,166561500,TSLA,0.065424221,189.9314995,0.034325323,14.1000061,15.13000488,1.867539956,0.057226373,1.900723118,1.385638496
07-05-2024,249.8099976,252.3699951,242.4600067,251.5200043,154501200,TSLA,0.02082067,193.7574997,0.034106876,9.909988403,5.130004883,1.643367198,0.039400399,1.423400634,0.05816144
07-08-2024,247.7100067,259.4400024,244.5700073,252.9400024,157219600,TSLA,0.005645667,197.5074997,0.034232903,14.86999512,1.419998169,1.598058174,0.058788626,1.327222555,-0.369047897
07-09-2024,251,265.6099854,250.3000031,262.3299866,160210900,TSLA,0.037123365,201.7499992,0.034110408,15.3099823,9.389984131,1.546736603,0.058361541,1.252417569,0.494238895
07-10-2024,262.7999878,267.5899963,257.8599854,263.2600098,128519400,TSLA,0.003545242,206.2235001,0.032984231,9.730010986,0.930023193,1.1958943,0.0369597,0.481116226,-0.543782574
07-11-2024,263.2999878,271,239.6499939,241.0299988,221707300,TSLA,-0.084441275,209.7419998,0.03980916,31.3500061,-22.23001099,1.922632253,0.130066823,2.153527537,-2.577326715
07-12-2024,235.8000031,251.8399963,233.0899963,248.2299957,155955800,TSLA,0.029871788,213.2889999,0.039613735,18.75,7.199996948,1.315053075,0.075534788,0.749712169,0.306982343
7/15/2024,255.9700012,265.6000061,251.7299957,252.6399994,146912900,TSLA,0.017765797,216.7974998,0.039521316,13.87001038,4.410003662,1.224384157,0.054900295,0.535925792,0.015873002
7/16/2024,255.3099976,258.6199951,245.8000031,256.5599976,126332500,TSLA,0.015516142,220.725,0.038299775,12.81999207,3.919998169,1.033784223,0.049968788,0.083495242,-0.094524323
7/17/2024,252.7299957,258.4700012,246.1799927,248.5,115584800,TSLA,-0.031415644,223.7779999,0.039017528,12.29000854,-8.059997559,0.943596606,0.049456775,-0.13989645,-1.18748001
7/18/2024,251.0899963,257.1400146,247.1999969,249.2299957,110869000,TSLA,0.002937609,226.9964996,0.038547251,9.9400177,0.729995728,0.889883597,0.039882911,-0.28663504,-0.332433124
7/19/2024,247.7899933,249.4400024,236.8300018,239.1999969,87403900,TSLA,-0.040243947,229.8779991,0.039879241,12.61000061,-10.02999878,0.692781433,0.052717395,-0.843272308,-1.375994146
7/22/2024,244.2100067,253.2100067,243.75,251.5099945,101225400,TSLA,0.051463201,233.3029991,0.040674449,9.460006714,12.30999756,0.790032479,0.037612846,-0.61329523,0.852056392
7/23/2024,253.6000061,255.7599945,245.6300049,246.3800049,111928200,TSLA,-0.020396762,236.4929993,0.041316901,10.12998962,-5.129989624,0.856866898,0.041115307,-0.45329514,-0.878591542
7/24/2024,225.4199982,225.9900055,214.7100067,215.9900055,167942900,TSLA,-0.123346046,237.9249992,0.05160764,11.27999878,-30.38999939,1.235993793,0.052224633,0.826797557,-2.553427798
7/25/2024,216.8000031,226,216.2299957,220.25,100636500,TSLA,0.019723109,239.1189995,0.050842116,9.770004272,4.259994507,0.739312227,0.044358703,-0.920948176,0.250065776
7/26/2024,221.1900024,222.2799988,215.3300018,219.8000031,94604100,TSLA,-0.002043119,240.2379997,0.050881671,6.949996948,-0.449996948,0.689460562,0.03161964,-1.154282736,-0.170647815
7/29/2024,224.8999939,234.2700043,224.6999969,232.1000061,129201800,TSLA,0.055959977,241.9489998,0.052042519,9.570007324,12.30000305,0.93015946,0.041232258,-0.272083782,0.896166376
7/30/2024,232.25,232.4100037,220,222.6199951,100560300,TSLA,-0.04084451,242.5869995,0.051727603,12.41000366,-9.480010986,0.733233807,0.055745234,-0.997653401,-0.871805706
7/31/2024,227.8999939,234.6799927,226.7899933,232.0700073,67497000,TSLA,0.042449072,242.6275002,0.047335126,7.88999939,9.450012207,0.518136545,0.033998359,-1.735840915,0.869826448
08-01-2024,227.6900024,231.8699951,214.3300018,216.8600006,83861900,TSLA,-0.065540597,241.1510002,0.047051747,17.53999329,-15.21000671,0.66486477,0.080881644,-1.157492275,-1.280889384
08-02-2024,214.8800049,216.1300049,205.7799988,207.6699982,82880100,TSLA,-0.042377582,238.9584999,0.047328473,10.3500061,-9.190002441,0.676281223,0.049838716,-1.069369309,-0.717224839
08-05-2024,185.2200012,203.8800049,182,198.8800049,100308800,TSLA,-0.042326736,236.2555,0.047790809,21.88000488,-8.789993286,0.837951443,0.110016112,-0.531790203,-0.659032386
08-06-2024,200.75,202.8999939,192.6699982,200.6399994,73783900,TSLA,0.00884953,233.1710007,0.046703429,10.22999573,1.759994507,0.639453763,0.050986821,-1.138347092,0.451664209
08-07-2024,200.7700043,203.4900055,191.4799957,191.7599945,71159800,TSLA,-0.044258398,229.5959999,0.04707457,12.01000977,-8.880004883,0.632431238,0.062630424,-1.097215359,-0.629288347
08-08-2024,195.6999969,200.6999969,192.0399933,198.8399963,65033900,TSLA,0.036921162,227.4864998,0.045394729,8.660003662,7.080001831,0.621239075,0.043552624,-1.362083687,1.002053779
08-09-2024,197.0500031,200.8800049,195.1100006,200,58648300,TSLA,0.005833855,225.075,0.044635312,5.770004272,1.160003662,0.587547636,0.028850021,-1.459560948,0.349556183
08-12-2024,199.0200043,199.2599945,194.6699982,197.4900055,64044900,TSLA,-0.012549973,222.3175003,0.0441633,4.589996338,-2.509994507,0.669397776,0.023241664,-1.172130095,-0.028654781
8/13/2024,198.4700012,208.4900055,197.0599976,207.8300018,76247400,TSLA,0.052357061,219.8810005,0.046067259,11.43000793,10.33999634,0.818358516,0.05499691,-0.643337502,1.341505864
8/14/2024,207.3899994,208.4400024,198.75,201.3800049,70250000,TSLA,-0.031034966,217.5250008,0.04605778,9.690002441,-6.449996948,0.772789833,0.048117997,-0.787546624,-0.469227187
8/15/2024,205.0200043,215.8800049,204.8200073,214.1399994,89848500,TSLA,0.063362768,215.7705009,0.048810878,11.05999756,12.75999451,0.999945689,0.051648443,-0.000189134,1.429290256
8/16/2024,211.1499939,219.8000031,210.8000031,216.1199951,88765100,TSLA,0.009246268,214.6165009,0.048256266,9,1.979995728,0.987140553,0.041643532,-0.044824893,0.272998783
8/19/2024,217.0700073,222.9799957,214.0899963,222.7200012,76435200,TSLA,0.030538619,213.1770012,0.047207583,8.88999939,6.600006104,0.861902757,0.039915586,-0.474299696,0.752262233
8/20/2024,224.8800049,228.2200012,219.5599976,221.1000061,74001200,TSLA,-0.007273685,211.9130013,0.047072942,8.660003662,-1.619995117,0.852690044,0.039167813,-0.503063716,-0.062795638
8/21/2024,222.6699982,224.6600037,218.8600006,223.2700043,70146000,TSLA,0.009814555,212.2770012,0.037868723,5.800003052,2.169998169,0.856528121,0.025977529,-0.69167842,0.197372233
8/22/2024,223.8200073,224.8000031,210.3200073,210.6600037,79514500,TSLA,-0.056478705,211.7975014,0.039811361,14.47999573,-12.61000061,0.983607855,0.068736331,-0.080763838,-1.381739622
8/23/2024,214.4600067,221.4799957,214.2100067,220.3200073,81525200,TSLA,0.045855898,211.8235016,0.041191861,7.269989014,9.660003662,1.0167051,0.032997407,0.083263651,1.090766876
8/26/2024,218.75,219.0899963,211.0099945,213.2100067,59301200,TSLA,-0.032271244,210.8790016,0.039684648,8.080001831,-7.11000061,0.773251919,0.037896917,-1.456952574,-0.725340009
8/27/2024,213.25,215.6600037,206.9400024,209.2100067,62821400,TSLA,-0.018760846,210.2085022,0.038889757,8.720001221,-4,0.839816579,0.041680612,-1.099133491,-0.421155849
8/28/2024,209.7200012,211.8399963,202.5899963,205.75,64116400,TSLA,-0.016538438,208.8925018,0.037523628,9.25,-3.460006714,0.859069748,0.044957473,-0.952216603,-0.298661563
8/29/2024,209.8000031,214.8899994,205.9700012,206.2799988,62308800,TSLA,0.002575936,208.3635017,0.034760715,8.919998169,0.529998779,0.847081509,0.043242186,-1.008864514,0.129504865
8/30/2024,208.6300049,214.5700073,207.0299988,214.1100006,63370600,TSLA,0.037958124,208.6855019,0.03448075,7.540008545,7.830001831,0.8730951,0.035215583,-0.826522175,1.040206062
09-03-2024,215.2599945,219.8999939,209.6399994,210.6000061,76714200,TSLA,-0.016393417,209.2715019,0.033185784,10.25999451,-3.509994507,1.074401109,0.048717921,0.582531527,-0.59607216
09-04-2024,210.5899963,222.2200012,210.5700073,219.4100037,80651800,TSLA,0.041832846,210.2100021,0.03427323,11.6499939,8.809997559,1.12414179,0.053096913,0.953543332,1.073606847
09-05-2024,223.4900055,235,222.25,230.1699982,119355000,TSLA,0.049040583,212.1305023,0.033552394,12.75,10.75999451,1.609534518,0.05539384,3.192820952,1.172457699
09-06-2024,232.6000061,233.6000061,210.5099945,210.7299957,112177000,TSLA,-0.084459324,212.7250023,0.038918449,23.0900116,-19.44000244,1.466133444,0.109571547,2.185624133,-2.263505425
09-09-2024,216.1999969,219.8699951,213.6699982,216.2700043,67443500,TSLA,0.026289606,213.5385025,0.039246744,6.199996948,5.540008545,0.876437156,0.028667854,-0.597075217,0.551231011
09-10-2024,220.0700073,226.3999939,218.6399994,226.1699982,78891100,TSLA,0.045776084,214.9725021,0.040059561,7.759994507,9.899993896,1.015405203,0.03431045,0.076552147,0.95368489
09-11-2024,224.5500031,228.4700012,216.8000031,228.1300049,83548600,TSLA,0.008666077,215.9875023,0.038655455,11.66999817,1.960006714,1.070322658,0.051155034,0.349981844,0.084819604
09-12-2024,224.6600037,231.4499969,223.8300018,229.8099976,71894900,TSLA,0.00736419,217.4090019,0.03769283,7.619995117,1.679992676,0.920060285,0.033157805,-0.399251861,0.001509441
9/13/2024,228,232.6699982,226.3200073,230.2899933,59515100,TSLA,0.002088663,218.2165016,0.035311793,6.349990845,0.479995728,0.776707658,0.02757389,-1.074796563,-0.061025681
9/16/2024,229.3000031,229.9600067,223.5299988,226.7799988,54323000,TSLA,-0.015241628,218.7495018,0.035552922,6.430007935,-3.509994507,0.725247216,0.028353505,-1.255434431,-0.513623691
9/17/2024,229.4499969,234.5700073,226.5500031,227.8699951,66761600,TSLA,0.004806404,219.0070015,0.034965369,8.020004272,1.089996338,0.897103571,0.035195526,-0.464443841,0.087910416
9/18/2024,230.0899963,235.6799927,226.8800049,227.1999969,78010200,TSLA,-0.002940265,219.312001,0.034920019,8.799987793,-0.669998169,1.045439795,0.038732341,0.205417282,-0.140020542
9/19/2024,234,244.2400055,232.1300049,243.9199982,102694600,TSLA,0.073591556,220.3445007,0.038413353,12.11000061,16.72000122,1.346868566,0.049647428,1.501874401,1.782022266
9/20/2024,241.5200043,243.9900055,235.9199982,238.25,99879100,TSLA,-0.023245319,221.7240005,0.036266479,8.070007324,-5.669998169,1.292679567,0.033872014,1.230319153,-0.828453545
9/23/2024,242.6100006,250,241.9199982,250,86927200,TSLA,0.049317943,223.2080002,0.036470397,8.080001831,11.75,1.121131139,0.032320007,0.508061348,1.161080493
9/24/2024,254.0800018,257.1900024,249.0500031,254.2700043,88491000,TSLA,0.017080017,225.2610001,0.035327031,8.13999939,4.270004272,1.120213614,0.032013211,0.524101271,0.216253027
9/25/2024,252.5399933,257.0499878,252.2799988,257.019989,65034300,TSLA,0.010815215,227.6514992,0.034697811,4.769989014,2.749984741,0.822122131,0.018558825,-0.780789255,-0.002998107
9/26/2024,260.6000061,261.75,251.5299988,254.2200012,67142200,TSLA,-0.010894047,230.0749992,0.034485028,10.22000122,-2.799987793,0.847148676,0.040201405,-0.676731105,-0.640727591
9/27/2024,257.3800049,260.7000122,254.1199951,260.4599915,70988100,TSLA,0.024545631,232.7839989,0.034545668,6.58001709,6.239990234,0.89079579,0.025263063,-0.495274806,0.354478128
9/30/2024,259.0400085,264.8599854,255.7700043,261.6300049,80705700,TSLA,0.004492104,235.1599991,0.034044307,9.089981079,1.170013428,1.001840799,0.034743649,0.008648579,-0.180192882
10-01-2024,262.6700134,263.980011,248.5299988,258.019989,87397600,TSLA,-0.013798172,237.5309982,0.033940686,15.45001221,-3.610015869,1.077764177,0.059879129,0.36691697,-0.723455638
10-02-2024,247.5500031,251.1600037,241.5,249.0200043,93983900,TSLA,-0.034880959,239.0114983,0.034572735,9.660003662,-8.999984741,1.149535059,0.038792079,0.701601475,-1.209093717
10-03-2024,244.4799957,249.7899933,237.8099976,240.6600037,80729200,TSLA,-0.033571603,239.5359985,0.034208735,11.97999573,-8.36000061,1.011303271,0.049779754,0.060102973,-1.062936456
10-04-2024,246.6900024,250.9600067,244.5800018,250.0800018,86573200,TSLA,0.03914235,241.5034988,0.028265346,6.380004883,9.419998169,1.102187546,0.025511856,0.6138562,1.067461105
10-07-2024,249,249.8300018,240.6999969,240.8300018,68113300,TSLA,-0.036988164,242.7314987,0.029728306,9.130004883,-9.25,0.866799834,0.037910579,-0.802281008,-1.439519224
10-08-2024,243.5599976,246.2100067,240.5599976,244.5,56303200,TSLA,0.015238958,243.6479988,0.028318152,5.650009155,3.669998169,0.726954402,0.023108422,-1.514486794,0.387013602
10-09-2024,243.8200073,247.4299927,239.5099945,241.0500031,66289500,TSLA,-0.014110417,244.2939987,0.028589143,7.919998169,-3.449996948,0.865535517,0.032856246,-0.730404483,-0.603412274
10-10-2024,241.8099976,242.7899933,232.3399963,238.7700043,83087100,TSLA,-0.009458613,244.7419991,0.028705579,10.44999695,-2.279998779,1.076990809,0.043765954,0.420490108,-0.409610137
10-11-2024,220.1300049,223.3399963,214.3800049,217.8000031,142628900,TSLA,-0.087825107,244.1174995,0.035074633,8.959991455,-20.97000122,1.754285151,0.04113862,3.102712443,-2.441334205
10/14/2024,220.1300049,221.9100037,213.7400055,219.1600037,86291900,TSLA,0.006244264,243.7364998,0.034982961,8.169998169,1.36000061,1.040895597,0.037278692,0.180968633,0.210564642
10/15/2024,220.0099945,224.2599945,217.1199951,219.5700073,62988800,TSLA,0.001870796,243.3215004,0.034962931,7.13999939,0.410003662,0.761534923,0.0325181,-1.042317944,0.08979475
10/16/2024,221.3999939,222.8200073,218.9299927,221.3300018,49632800,TSLA,0.008015642,243.0280006,0.035021142,3.890014648,1.759994507,0.610534002,0.017575632,-1.559073818,0.249464679
10/17/2024,221.5899963,222.0800018,217.8999939,220.8899994,50791800,TSLA,-0.001987993,241.8765007,0.030346056,4.180007935,-0.440002441,0.645393699,0.018923482,-1.345521798,0.082774544
10/18/2024,220.7100067,222.2799988,219.2299957,220.6999969,49611900,TSLA,-0.000860168,240.9990005,0.030029442,3.050003052,-0.190002441,0.651198035,0.013819679,-1.260494846,0.083932578
10/21/2024,218.8999939,220.4799957,215.7299957,218.8500061,47329000,TSLA,-0.008382378,239.4415009,0.027352469,4.75,-1.849990845,0.637808405,0.021704363,-1.229213049,-0.077387748
10/22/2024,217.3099976,218.2200012,215.2599945,217.9700012,43268700,TSLA,-0.004021041,237.6265007,0.026806077,2.960006714,-0.880004883,0.6014173,0.013579881,-1.266901455,0.123093133
10/23/2024,217.1300049,218.7200012,212.1100006,213.6499939,80938900,TSLA,-0.019819275,235.4580009,0.0265896,6.61000061,-4.320007324,1.112718439,0.030938454,0.361856716,-0.412449418
10/24/2024,244.6799927,262.1199951,242.6499939,260.480011,204491900,TSLA,0.219190351,235.7710014,0.05748479,19.47000122,46.83001709,2.56875911,0.074746623,3.367002207,3.766884084
10/25/2024,256.0100098,269.4899902,255.3200073,269.1900024,161611900,TSLA,0.033438234,236.207502,0.057697045,14.16998291,8.709991455,1.920785096,0.052639336,1.876725337,0.525881233
10/28/2024,270,273.5400085,262.2399902,262.5100098,107653600,TSLA,-0.024815159,236.2515022,0.058030933,11.30001831,-6.679992676,1.259314772,0.043046047,0.5328557,-0.455726536
10/29/2024,264.5100098,264.980011,255.5099945,259.519989,80521800,TSLA,-0.011390121,236.3265022,0.057999725,9.470016479,-2.990020752,0.945734638,0.036490509,-0.111027878,-0.226580396
10/30/2024,258.0400085,263.3500061,255.8200073,257.5499878,53993600,TSLA,-0.007590942,236.7530014,0.057410572,7.529998779,-1.970001221,0.649409959,0.029237038,-0.691979972,-0.186497406
10/31/2024,257.9899902,259.75,249.25,249.8500061,66575300,TSLA,-0.029897038,237.2125015,0.057292742,10.5,-7.699981689,0.807611052,0.042025214,-0.375061212,-0.579423243
11-01-2024,252.0399933,254,246.6300049,248.9799957,57544800,TSLA,-0.003482131,237.1575012,0.056678764,7.369995117,-0.870010376,0.710574947,0.029600752,-0.549783413,-0.082052169
11-04-2024,244.5599976,248.8999939,238.8800049,242.8399963,68802400,TSLA,-0.024660613,237.2580009,0.056307791,10.01998901,-6.13999939,0.849224782,0.041261692,-0.286601815,-0.469659267
11-05-2024,247.3399963,255.2799988,246.2100067,251.4400024,69282500,TSLA,0.03541429,237.6050011,0.056740569,9.069992065,8.600006104,0.848355186,0.036072192,-0.292611995,0.574908951
11-06-2024,284.6700134,289.5899963,275.6199951,288.5299988,165228700,TSLA,0.147510324,239.9790009,0.065099706,13.97000122,37.08999634,1.907648335,0.048417847,1.707174868,2.098867503
11-07-2024,288.8900146,299.75,285.519989,296.9100037,117309200,TSLA,0.029043791,242.8860008,0.065036029,14.23001099,8.380004883,1.32815518,0.047927018,0.622716548,0.249769313
11-08-2024,299.1400146,328.7099915,297.6600037,321.2200012,204782800,TSLA,0.081876654,248.0570007,0.062226381,31.04998779,24.30999756,2.23971282,0.096662685,2.175443904,0.973731375
11-11-2024,346.2999878,358.6400146,336,350,210521600,TSLA,0.089595911,254.5990005,0.063933819,22.64001465,28.77999878,2.156009426,0.064685756,1.930363618,1.003278956
11-12-2024,342.7399902,345.8399963,323.3099976,328.4899902,155726000,TSLA,-0.061457171,260.0449997,0.066672727,22.52999878,-21.51000977,1.522531662,0.068586561,0.901969082,-1.256034265
11/13/2024,335.8500061,344.6000061,322.5,330.2399902,125405600,TSLA,0.005327407,265.4904991,0.066705711,22.1000061,1.75,1.182295398,0.066921048,0.332680111,-0.252215874
11/14/2024,327.6900024,329.980011,310.3699951,311.1799927,120726100,TSLA,-0.057715595,270.0049988,0.0688951,19.61001587,-19.05999756,1.10185416,0.063018241,0.196794743,-1.118814852
11/15/2024,310.5700073,324.6799927,309.2200012,320.7200012,114440300,TSLA,0.030657525,275.005999,0.068768468,15.45999146,9.540008545,1.014472102,0.048204014,0.02972345,0.141291126
11/18/2024,340.730011,348.5499878,330.0100098,338.7399902,126085600,TSLA,0.056186047,281.0004982,0.068834974,18.53997803,18.01998901,1.080003339,0.05473218,0.177014245,0.465119289
11/19/2024,335.7600098,347.3800049,332.75,346,88852500,TSLA,0.021432396,287.4019981,0.068520918,14.63000488,7.260009766,0.746504372,0.042283251,-0.599217176,-0.058520055
11/20/2024,345,346.6000061,334.2999878,342.0299988,66340700,TSLA,-0.011473992,293.8209984,0.068255684,12.30001831,-3.970001221,0.560808039,0.035961811,-1.018007734,-0.546965444
11/21/2024,343.8099976,347.9899902,335.2799988,339.6400146,58011700,TSLA,-0.006987645,297.7789986,0.051125349,12.70999146,-2.389984131,0.522765283,0.037421949,-1.092850509,-0.421283251
11/22/2024,341.0899963,361.5299988,337.7000122,352.5599976,89140700,TSLA,0.038040226,301.9474983,0.05122509,23.82998657,12.91998291,0.830395555,0.067591294,-0.386011405,0.454064946
11/25/2024,360.1400146,361.9299927,338.2000122,338.5899963,95890900,TSLA,-0.039624465,305.7514977,0.051929766,23.72998047,-13.97000122,0.898198506,0.070084706,-0.230087902,-1.033409393
11/26/2024,341,346.9599915,335.6600037,338.230011,62295900,TSLA,-0.00106319,309.6869987,0.051714494,11.29998779,-0.359985352,0.588541977,0.033409181,-0.908494823,-0.302038711
11/27/2024,341.7999878,342.5499878,326.5899963,332.8900146,57896400,TSLA,-0.015788062,313.4540001,0.051931288,15.95999146,-5.339996338,0.545971051,0.047943737,-1.008858016,-0.576430834
11/29/2024,336.0799866,345.4500122,334.6499939,345.1600037,37167600,TSLA,0.036858988,318.2195,0.051089956,10.80001831,12.26998901,0.355423887,0.031289889,-1.363741748,0.379222346
12-02-2024,352.3800049,360,351.1499939,357.0899963,77986500,TSLA,0.034563659,323.625,0.050976367,8.850006104,11.92999268,0.738545695,0.024783685,-0.567982972,0.297722956
12-03-2024,351.7999878,355.6900024,348.2000122,351.4200134,58267200,TSLA,-0.015878302,329.0540009,0.050613502,7.489990234,-5.66998291,0.554566962,0.021313499,-0.953523278,-0.705429195
12-04-2024,353,358.1000061,348.6000061,357.9299927,50810900,TSLA,0.018524782,334.3785004,0.050480449,9.5,6.509979248,0.487889189,0.026541503,-1.067593326,-0.009046715
12-05-2024,359.8699951,375.4299927,359.5,369.4899902,81403600,TSLA,0.032296812,338.4264999,0.040659797,15.92999268,11.55999756,0.814418044,0.043113462,-0.386111427,0.469161784
12-06-2024,377.4200134,389.4899902,370.7999878,389.2200012,81455800,TSLA,0.053397958,343.0419998,0.041514324,18.69000244,19.73001099,0.829823263,0.048019121,-0.347802722,0.938458262
12-09-2024,397.6099854,404.7999878,378.0100098,389.7900085,96359200,TSLA,0.001464486,346.4705002,0.038417689,26.78997803,0.570007324,1.039033747,0.068729258,0.088378836,-0.233054171
12-10-2024,392.6799927,409.730011,390.8500061,400.9899902,97563600,TSLA,0.028733373,349.0199997,0.033968672,18.88000488,11.19998169,1.120244562,0.047083482,0.346165688,0.628773799
12-11-2024,409.7000122,424.8800049,402.3800049,424.769989,104287600,TSLA,0.059303223,353.8339996,0.031749944,22.5,23.77999878,1.233889206,0.052969844,0.760392453,1.445370797
12-12-2024,424.8399963,429.2999878,415,418.1000061,87752200,TSLA,-0.015702576,358.2270004,0.032373915,14.29998779,-6.66998291,1.061902846,0.034202314,0.211552528,-0.866866367
12/13/2024,420,436.2999878,415.7099915,436.230011,89000200,TSLA,0.043362843,364.4795013,0.028518528,20.58999634,18.13000488,1.098083903,0.047199862,0.352774653,0.909851948
12/16/2024,441.0899963,463.1900024,436.1499939,463.019989,114083800,TSLA,0.061412506,371.5945007,0.03005778,27.04000854,26.78997803,1.407874828,0.058399225,1.468468851,1.412597745
12/17/2024,475.8999939,483.9899902,457.5100098,479.8599854,131223000,TSLA,0.036369912,378.6505005,0.029076438,26.47998047,16.83999634,1.614267525,0.055182723,2.164365277,0.633081858
12/18/2024,466.5,488.5400085,427.0100098,440.1300049,149340800,TSLA,-0.082794944,383.3570007,0.036749599,61.52999878,-39.72998047,1.771247368,0.1397996,2.353582856,-2.599911992
12/19/2024,451.8800049,456.3599854,420.019989,436.1700134,118566100,TSLA,-0.008997322,388.0640015,0.036667755,36.33999634,-3.959991455,1.364001699,0.083316127,1.118029721,-0.596489617
12/20/2024,425.5100098,447.0799866,417.6400146,421.0599976,132216200,TSLA,-0.034642491,392.1350006,0.03795502,29.43997192,-15.11001587,1.458769812,0.06991871,1.425876993,-1.21550092
12/23/2024,431,434.5100098,415.4100037,430.6000061,72698100,TSLA,0.022657124,396.037001,0.037542329,19.1000061,9.540008545,0.809435977,0.044356725,-0.581429239,0.317892054
12/24/2024,435.8999939,462.7799988,435.1400146,462.2799988,59551800,TSLA,0.073571742,402.2215012,0.038081351,27.63998413,31.67999268,0.676753262,0.059790569,-0.94330014,1.501764392
12/26/2024,465.1600037,465.3299866,451.019989,454.1300049,76366400,TSLA,-0.017629995,408.0165009,0.038656634,14.30999756,-8.149993896,0.860952978,0.031510795,-0.415497659,-0.8584343
12/27/2024,449.519989,450,426.5,431.6600037,82666800,TSLA,-0.049479226,412.9550003,0.04077062,23.5,-22.47000122,0.919149413,0.054440995,-0.252175881,-1.55378688
12/30/2024,419.3999939,427,415.75,417.4100037,64941000,TSLA,-0.033012093,416.5675003,0.041680433,11.25,-14.25,0.711081844,0.026951918,-0.986253042,-1.040972056
12/31/2024,423.7900085,427.9299927,402.5400085,403.8399963,76825100,TSLA,-0.032510019,418.9050003,0.042325273,25.38998413,-13.57000732,0.841743914,0.062871396,-0.539241214,-0.934014281
01-02-2025,390.1000061,392.730011,373.0400085,379.2799988,109710700,TSLA,-0.060816159,420.2979996,0.04472948,19.69000244,-24.55999756,1.169110842,0.05191416,0.612601284,-1.466407739
01-03-2025,381.480011,411.8800049,379.4500122,410.4400024,95423300,TSLA,0.082155673,422.9235001,0.047908908,32.42999268,31.16000366,0.993250202,0.079012748,-0.027196528,1.548743955
01-06-2025,423.2000122,426.4299927,401.7000122,411.0499878,85516500,TSLA,0.001486174,425.0014999,0.047579291,24.72998047,0.609985352,0.888230167,0.060162951,-0.453511863,-0.103623555
01-07-2025,405.8299866,414.3299866,390,394.3599854,75699500,TSLA,-0.04060334,425.2584991,0.047336303,24.32998657,-16.69000244,0.788621933,0.061694866,-0.847147937,-0.894023861
01-08-2025,392.9500122,402.5,387.3999939,394.9400024,73038800,TSLA,0.001470781,425.5159988,0.047336302,15.1000061,0.58001709,0.770259927,0.038233671,-0.889405483,-0.005196403
01-10-2025,391.3999939,399.2799988,377.2900085,394.7399902,62287300,TSLA,-0.000506437,425.2034988,0.046907569,21.98999023,-0.200012207,0.669325818,0.055707531,-1.205156778,-0.016227781
1/13/2025,383.2099915,403.7900085,380.0700073,403.3099976,67580500,TSLA,0.021710512,424.1304993,0.045136663,23.72000122,8.570007324,0.740816013,0.058813323,-0.909399898,0.516993885
1/14/2025,414.3399963,422.6400146,394.5400085,396.3599854,84565000,TSLA,-0.017232432,423.0434982,0.045163065,28.1000061,-6.950012207,0.928621954,0.070895164,-0.249698165,-0.343888812
1/15/2025,409.8999939,429.7999878,405.6600037,428.2200012,81375500,TSLA,0.080381514,422.6429977,0.047789364,24.13998413,31.86001587,0.897354225,0.056372855,-0.356379084,1.678866046
1/16/2025,423.4899902,424,409.1300049,413.8200073,68335200,TSLA,-0.03362756,420.1829987,0.046071318,14.86999512,-14.3999939,0.773054281,0.035933485,-0.77263066,-0.630004359
1/17/2025,421.5,439.7399902,419.75,426.5,94991400,TSLA,0.030641323,417.5149994,0.045820306,19.98999023,12.67999268,1.097090944,0.046869848,0.35013173,0.775424373
1/21/2025,432.6400146,433.2000122,406.3099976,424.0700073,87320900,TSLA,-0.005697521,416.7119995,0.04200539,26.89001465,-2.429992676,1.045962148,0.063409376,0.202486507,-0.111022259
1/22/2025,416.8099976,428,414.5899963,415.1099854,60963300,TSLA,-0.021128639,415.6589981,0.042213508,13.41000366,-8.960021973,0.756334095,0.0323047,-1.111414116,-0.461655191
1/23/2025,416.0599976,420.730011,408.9500122,412.3800049,50690600,TSLA,-0.006576523,415.2249985,0.04151948,11.77999878,-2.729980469,0.662385106,0.028565883,-1.819297416,-0.152681784
1/24/2025,414.4500122,418.8800049,405.7799988,406.5799866,56427100,TSLA,-0.014064742,414.0239975,0.041264933,13.1000061,-5.800018311,0.745268021,0.032219997,-1.295962671,-0.290595253
1/27/2025,394.7999878,406.6900024,389,397.1499939,58125500,TSLA,-0.02319345,410.7674973,0.037422764,17.69000244,-9.429992676,0.768423633,0.044542371,-1.170386382,-0.435078557
1/28/2025,396.9100037,400.5899963,386.5,398.0899963,48910700,TSLA,0.00236687,407.9654968,0.037388441,14.08999634,0.940002441,0.658554928,0.035393998,-1.573893921,0.221422304
1/29/2025,395.2099915,398.5899963,384.480011,389.1000061,68033600,TSLA,-0.022582809,405.8374969,0.036203841,14.10998535,-8.989990234,0.925147959,0.036263133,-0.343107417,-0.497623023
1/30/2025,410.7799988,412.5,384.4100037,400.2799988,98092900,TSLA,0.028732954,404.9809967,0.036283082,28.08999634,11.17999268,1.304501975,0.070175868,1.362714218,0.832692381
1/31/2025,401.5299988,419.9899902,401.3399963,404.6000061,83283600,TSLA,0.010792464,405.0189972,0.035619885,18.6499939,4.320007324,1.102822424,0.046094893,0.459537823,0.283746873
02-03-2025,386.6799927,389.1700134,374.3599854,383.6799927,93732100,TSLA,-0.05170542,405.2389969,0.034841712,14.81002808,-20.92001343,1.254450217,0.038599949,1.225260499,-1.516756409
02-04-2025,382.6300049,394,381.3999939,392.2099915,57072200,TSLA,0.022232066,404.3274963,0.029706338,12.6000061,8.529998779,0.78393607,0.032125663,-1.035535817,0.810846385
02-05-2025,387.5100098,388.3900146,375.5299988,378.1700134,57223300,TSLA,-0.035797094,402.6834976,0.030640743,12.86001587,-14.03997803,0.801587674,0.034005911,-0.92812648,-1.046897584
02-06-2025,373.0299988,375.3999939,363.1799927,374.3200073,77918200,TSLA,-0.010180622,401.6814987,0.029445124,12.22000122,-3.850006104,1.08978965,0.032645867,0.419540458,-0.271093578
02-07-2025,370.1900024,380.5499878,360.3399963,361.6199951,70298300,TSLA,-0.033928222,400.0154984,0.030265463,20.20999146,-12.70001221,0.985103143,0.055887373,-0.069482106,-0.989908298
02-10-2025,356.2099915,362.7000122,350.5100098,350.730011,77514900,TSLA,-0.030114441,397.8149994,0.030806508,12.19000244,-10.88998413,1.07476366,0.034756086,0.354676769,-0.800670182
02-11-2025,345.7999878,349.3699951,325.1000061,328.5,118543400,TSLA,-0.063382118,394.0744995,0.032677384,24.26998901,-22.23001099,1.587545132,0.073881245,2.391215677,-1.642692613
02-12-2025,329.9400024,346.3999939,329.1199951,336.5100098,105382700,TSLA,0.024383591,391.0820007,0.03348766,17.27999878,8.010009766,1.391893229,0.051350623,1.522134465,0.955755343
2/13/2025,345,358.6900024,342.8500061,355.9400024,89441500,TSLA,0.057739717,387.4680008,0.030615552,15.83999634,19.42999268,1.175082674,0.044501872,0.676513921,2.171910065
2/14/2025,360.6199951,362,347.5,355.8399963,68277300,TSLA,-0.000280963,384.5690002,0.030093242,14.5,-0.100006104,0.897061475,0.040748651,-0.397711694,0.2261709
2/18/2025,355.0100098,359.1000061,350.019989,354.1099854,51631700,TSLA,-0.004861767,380.9494995,0.028768541,9.08001709,-1.730010986,0.69825229,0.025641799,-1.121357344,0.139060474
2/19/2025,354,367.3399963,353.6700134,360.5599976,67094400,TSLA,0.018214714,377.773999,0.02939702,13.66998291,6.450012207,0.919947406,0.037913199,-0.296443013,0.880410193
2/20/2025,361.5100098,362.2999878,348,354.3999939,45965400,TSLA,-0.017084545,374.7384995,0.029313339,14.29998779,-6.160003662,0.636790091,0.040349853,-1.282283169,-0.328179204
2/21/2025,353.4400024,354.980011,334.4200134,337.7999878,74058600,TSLA,-0.046839747,371.0094986,0.030603344,20.55999756,-16.6000061,1.009641674,0.060864412,0.035698858,-1.220849208
2/24/2025,338.1400146,342.3999939,324.7000122,330.5299988,76052300,TSLA,-0.021521579,367.2069992,0.030707417,17.69998169,-7.269989014,1.023134793,0.053550303,0.088594453,-0.380072954
2/25/2025,327.019989,328.8900146,297.25,302.7999878,134228800,TSLA,-0.083895595,362.4894989,0.034820113,31.64001465,-27.73001099,1.717847298,0.104491466,2.421581096,-2.039337659
2/26/2025,303.7099915,309,288.0400085,290.7999878,100118300,TSLA,-0.03963012,357.1249985,0.035116953,20.95999146,-12,1.240651353,0.072077003,0.859860077,-0.701787645
2/27/2025,291.1600037,297.230011,280.8800049,281.9500122,101748200,TSLA,-0.030433205,351.7674988,0.035249963,16.3500061,-8.849975586,1.235049492,0.057989024,0.84756817,-0.427098546
2/28/2025,279.5,293.8800049,273.6000061,292.980011,115697000,TSLA,0.039120405,346.4024994,0.03600259,20.27999878,11.02999878,1.389518245,0.069219735,1.362551767,1.499309617
03-03-2025,300.3399963,303.9400024,277.2999878,284.6499939,115551400,TSLA,-0.028432032,340.4049988,0.035597808,26.64001465,-8.33001709,1.361390239,0.093588671,1.233175035,-0.32620501
03-04-2025,270.9299927,284.3500061,261.8399963,272.0400085,126706600,TSLA,-0.044299967,334.8229996,0.035252686,22.51000977,-12.60998535,1.464372218,0.082745218,1.514556877,-0.790021799
03-05-2025,272.9200134,279.5499878,267.7099915,279.1000061,94042900,TSLA,0.025952056,329.1675003,0.035476622,11.83999634,7.059997559,1.064137543,0.042422057,0.221046229,1.189956389
03-06-2025,272.0599976,272.6499939,260.019989,263.4500122,98451600,TSLA,-0.056073069,323.4315002,0.036343323,12.63000488,-15.6499939,1.088630739,0.047940802,0.325248768,-1.067477895
03-07-2025,259.3200073,266.25,250.7299957,262.6700134,102369600,TSLA,-0.002960709,317.8490005,0.036453216,15.52000427,-0.779998779,1.116855789,0.059085558,0.435458082,0.382837858
03-10-2025,252.5399933,253.3699951,220,222.1499939,189076900,TSLA,-0.154262068,310.8755005,0.047627019,33.36999512,-40.52001953,1.93730947,0.150213802,2.832095164,-2.757447345
03-11-2025,225.3099976,237.0599976,217.0200043,230.5800018,174896400,TSLA,0.03794737,304.868,0.049482352,20.03999329,8.430007935,1.70686003,0.086911237,1.999900667,1.161572731
03-12-2025,247.2200012,251.8399963,241.1000061,248.0899963,142215700,TSLA,0.075938912,300.8474998,0.052686932,10.73999023,17.50999451,1.372071386,0.043290703,1.038248179,1.679787359
3/13/2025,248.1300049,248.2899933,232.6000061,240.6799927,114813500,TSLA,-0.029868208,296.055999,0.052077624,15.68998718,-7.410003662,1.102683436,0.065190243,0.287195867,-0.280191129
3/14/2025,247.3099976,251.5800018,240.7299957,249.9799957,100242300,TSLA,0.038640532,290.7579987,0.050828368,10.8500061,9.300003052,0.957772187,0.043403497,-0.119187579,1.07955485
3/17/2025,245.0599976,245.3999939,232.8000031,238.0099945,111900600,TSLA,-0.047883836,284.8664986,0.051155639,12.59999084,-11.97000122,1.047335668,0.052938915,0.140102271,-0.572218704
3/18/2025,228.1600037,230.1000061,222.2799988,225.3099976,111477600,TSLA,-0.053359091,278.4264992,0.051616917,7.820007324,-12.69999695,1.014951418,0.034707769,0.04875807,-0.626201707
3/19/2025,231.6100006,241.4100037,229.1999969,235.8600006,111993800,TSLA,0.046824389,272.1914993,0.053136039,12.21000671,10.55000305,0.999227563,0.051768026,-0.002693439,1.250194716
3/20/2025,233.3500061,238,230.0500031,236.2599945,99028300,TSLA,0.001695895,266.2844994,0.053348463,7.949996948,0.399993896,0.863115679,0.033649357,-0.553652754,0.381695698
3/21/2025,234.9900055,249.5200043,234.5500031,248.7100067,132728700,TSLA,0.052696235,261.8300003,0.055192841,14.97000122,12.45001221,1.128002514,0.060190587,0.559156737,1.202808509
3/24/2025,258.0799866,278.6400146,256.3299866,278.3900146,169079900,TSLA,0.119335801,259.2230011,0.062627254,22.31002808,29.68000793,1.382293204,0.080139469,1.706612844,2.011634032
3/25/2025,283.6000061,288.2000122,271.2799988,288.1400146,150361500,TSLA,0.035022808,258.4900024,0.06051677,16.92001343,9.75,1.221209756,0.058721498,0.972725184,0.59031906
3/26/2025,282.6600037,284.8999939,266.5100098,272.0599976,153629800,TSLA,-0.055806262,257.5530029,0.061169018,18.38998413,-16.08001709,1.221216605,0.067595326,0.985395135,-0.887639872
3/27/2025,272.480011,291.8500061,271.8200073,273.1300049,162572100,TSLA,0.003932983,257.1120026,0.060795327,20.02999878,1.070007324,1.261796151,0.073335036,1.171803786,0.061269112
3/28/2025,275.5799866,276.1000061,260.5700073,263.5499878,123809400,TSLA,-0.035074935,255.6405014,0.060559167,15.52999878,-9.58001709,0.95792543,0.058926198,-0.189830421,-0.521362434
3/31/2025,249.3099976,260.5599976,243.3600006,259.1600037,134008900,TSLA,-0.016657121,254.3660019,0.060360955,17.19999695,-4.389984131,1.029489022,0.066368254,0.134786155,-0.227700293
04-01-2025,263.7999878,277.4500122,259.25,268.4599915,146486900,TSLA,0.03588512,254.187001,0.060129846,18.20001221,9.299987793,1.116862302,0.067794132,0.534151832,0.578560929
04-02-2025,254.6000061,284.9899902,251.2700043,282.7600098,212787800,TSLA,0.053266851,254.3700012,0.061027613,33.71998596,14.30001831,1.552101615,0.119253023,2.319923809,0.832488259
04-03-2025,265.2900085,276.2999878,261.5100098,267.2799988,136174300,TSLA,-0.054746111,254.5615005,0.06096131,14.78997803,-15.48001099,0.979793169,0.055335147,-0.089610815,-0.939522769
04-04-2025,255.3800049,261,236,239.4299927,181229400,TSLA,-0.104197868,253.3994995,0.065476902,25,-27.8500061,1.267997377,0.104414655,1.217857549,-1.552676361
04-07-2025,223.7799988,252,214.25,233.2899933,183453800,TSLA,-0.025644237,253.9564995,0.055318538,37.75,-6.13999939,1.286090631,0.16181577,1.314736477,-0.534028902
04-08-2025,245,250.4400024,217.8000031,221.8600006,171603500,TSLA,-0.048994783,253.5204994,0.05591484,32.63999939,-11.42999268,1.204405057,0.147119802,0.94348683,-0.868197721
04-09-2025,224.6900024,274.6900024,223.8800049,272.2000122,219433400,TSLA,0.226899898,254.7260002,0.074025622,50.80999756,50.3400116,1.49946862,0.1866642,2.06834934,2.9692624
04-10-2025,260,262.4899902,239.3300018,252.3999939,181722600,TSLA,-0.072740696,255.3120003,0.07575303,23.1599884,-19.80001831,1.214023494,0.091759069,0.905903886,-1.025641805
04-11-2025,251.8399963,257.7399902,241.3600006,252.3099976,128948100,TSLA,-0.000356562,255.4285004,0.075341102,16.37998962,-0.089996338,0.853274239,0.064920097,-0.65602708,-0.044616898
4/14/2025,258.3599854,261.7999878,245.9299927,252.3500061,100135200,TSLA,0.000158569,256.1455009,0.074393118,15.86999512,0.040008545,0.665203203,0.062888824,-1.456138353,-0.070550547
4/15/2025,249.9100037,258.75,247.5399933,254.1100006,79594300,TSLA,0.006974418,257.5855011,0.073096683,11.21000671,1.759994507,0.534408413,0.04411478,-1.866828859,-0.019827183
4/16/2025,247.6100006,251.9700012,233.8899994,241.5500031,112378700,TSLA,-0.049427404,257.8700012,0.073602165,18.08000183,-12.55999756,0.75443045,0.074849934,-0.985291052,-0.720611051
4/17/2025,243.4700012,244.3399963,237.6799927,241.3699951,83404800,TSLA,-0.00074522,258.1255013,0.073607532,6.660003662,-0.180007935,0.562872192,0.027592509,-1.687881083,-0.057525286
4/21/2025,230.2599945,232.2100067,222.7899933,227.5,97768000,TSLA,-0.057463626,257.0650009,0.073852782,9.420013428,-13.86999512,0.667681401,0.041406652,-1.22011703,-0.750746359
4/22/2025,230.9600067,242.7899933,229.8500061,237.9700012,120858500,TSLA,0.046021983,255.0440002,0.069184212,12.93998718,10.47000122,0.839189949,0.054376548,-0.580461337,0.747375616
4/23/2025,254.8600006,259.4500122,244.4299927,250.7400055,150381900,TSLA,0.053662244,253.1739998,0.069883449,15.02001953,12.77000427,1.044180469,0.059902765,0.159474644,0.835890081
4/24/2025,250.5,259.5400085,249.1999969,259.5100098,94464200,TSLA,0.034976486,252.5465004,0.069339018,10.3400116,8.770004272,0.669670147,0.039844365,-1.127787637,0.507506273
4/25/2025,261.6900024,286.8500061,259.6300049,284.9500122,167560700,TSLA,0.09803091,253.1375008,0.072744013,27.22000122,25.44000244,1.185764908,0.095525531,0.633025355,1.285872335
4/28/2025,288.980011,294.8599854,272.4200134,285.8800049,151731800,TSLA,0.003263705,254.2540016,0.072149209,22.43997192,0.929992676,1.063244983,0.078494374,0.218439788,-0.043584998
4/29/2025,285.5,293.3200073,279.4700012,292.0299988,108906600,TSLA,0.021512501,255.8975014,0.072011671,13.8500061,6.149993896,0.769923343,0.047426655,-0.775388297,0.183243799
4/30/2025,279.8999939,284.4500122,270.7799988,282.1600037,128961100,TSLA,-0.033797881,256.582502,0.072292819,13.67001343,-9.869995117,0.917383316,0.048447736,-0.276228811,-0.534362059
05-01-2025,280.0100098,290.8699951,279.8099976,280.519989,99659000,TSLA,-0.005812357,256.4705009,0.07141123,11.05999756,-1.640014648,0.738660774,0.039426772,-0.896259104,-0.107700924
05-02-2025,284.8999939,294.7799988,279.8099976,287.2099915,114454700,TSLA,0.023848577,257.4670006,0.070284819,14.97000122,6.690002441,0.855208467,0.052122146,-0.489299818,0.25667198
05-05-2025,284.5700073,284.8500061,274.3999939,280.2600098,94618900,TSLA,-0.024198259,259.5085014,0.065829996,10.45001221,-6.949981689,0.730636649,0.037286847,-0.897284367,-0.516583232
05-06-2025,273.1099854,277.730011,271.3500061,275.3500061,76715800,TSLA,-0.017519459,261.6115021,0.06562445,6.380004883,-4.910003662,0.617853215,0.023170527,-1.235542811,-0.422618565
05-07-2025,276.8800049,277.9200134,271,276.2200012,71592600,TSLA,0.003159597,264.3295021,0.064167877,6.920013428,0.869995117,0.600787759,0.025052543,-1.238441573,-0.150585845
05-08-2025,279.6300049,289.7999878,279.4100037,284.8200073,97539400,TSLA,0.031134625,264.9605019,0.040277173,10.38998413,8.600006104,0.862647331,0.036479123,-0.508743326,0.697678496
05-09-2025,290.2099915,307.0400085,290,298.2600098,132387800,TSLA,0.047187705,267.2535027,0.037213,17.04000854,13.44000244,1.19696278,0.057131389,0.825109652,1.025372236
05-12-2025,321.9899902,322.2099915,311.5,318.3800049,112826700,TSLA,0.067457904,270.557003,0.039341314,10.70999146,20.11999512,1.027593323,0.03363902,0.116273102,1.398953091
5/13/2025,320,337.5899963,316.7999878,334.0700073,136992600,TSLA,0.049280741,274.6430031,0.040062215,20.79000854,15.69000244,1.227093484,0.06223249,0.951887381,0.858748852
5/14/2025,342.5,350,337,347.6799927,136997300,TSLA,0.04073992,279.3215027,0.040421497,13,13.60998535,1.196377908,0.037390705,0.862030112,0.598055178
5/15/2025,340.3399963,346.1400146,334.7200012,342.8200073,97882600,TSLA,-0.013978329,284.3850029,0.038085134,11.42001343,-4.859985352,0.860239794,0.033311981,-0.603544029,-0.848531016
5/16/2025,346.2399902,351.6199951,342.3299866,349.980011,95895700,TSLA,0.020885606,289.8155037,0.037820903,9.290008545,7.160003662,0.838177361,0.026544398,-0.719508644,0.038761013
5/19/2025,336.2999878,343,333.3699951,342.0899963,88869900,TSLA,-0.022544187,295.5450035,0.034767614,9.630004883,-7.890014648,0.779800691,0.028150501,-0.961176114,-1.257198398
5/20/2025,347.8699951,354.9899902,341.6300049,343.8200073,131715500,TSLA,0.005057181,300.8375038,0.034431234,13.35998535,1.730010986,1.150275955,0.038857498,0.652524535,-0.408355406
5/21/2025,344.4299927,347.3500061,332.2000122,334.6199951,102354800,TSLA,-0.026758222,305.0315033,0.034877632,15.1499939,-9.200012207,0.913014901,0.04527522,-0.388697159,-1.200040186
5/22/2025,331.8999939,347.269989,331.3900146,341.0400085,97113400,TSLA,0.019185983,309.1080032,0.034581387,15.87997437,6.420013428,0.865238768,0.046563377,-0.605098873,0.141092366
5/23/2025,337.9200134,343.1799927,333.2099915,339.3399963,84654800,TSLA,-0.004984788,311.8275024,0.02861119,9.970001221,-1.700012207,0.783162363,0.029380566,-1.063518879,-0.494240766
5/27/2025,347.3500061,363.7900085,347.3200073,362.8900146,120146400,TSLA,0.069399477,315.6780029,0.031563853,16.47000122,23.55001831,1.127983966,0.045385656,0.689841904,1.803856446
5/28/2025,364.8399963,365,355.9100037,356.8999939,91404300,TSLA,-0.016506436,318.9215027,0.032129924,9.089996338,-5.990020752,0.865250118,0.025469309,-0.710487691,-0.842464034
5/29/2025,365.2900085,367.7099915,356,358.4299927,88087800,TSLA,0.004286912,322.7350021,0.030446998,11.70999146,1.529998779,0.850305274,0.032670233,-0.790751526,-0.26863725
5/30/2025,355.519989,363.6799927,345.2900085,346.4599915,123474900,TSLA,-0.033395646,326.0320023,0.031908199,18.38998413,-11.97000122,1.178349707,0.053079676,0.930834745,-1.394080282
06-02-2025,343.5,348.019989,333.3299866,342.6900024,81873800,TSLA,-0.010881456,328.8060028,0.032121458,14.69000244,-3.769989014,0.793679552,0.042866738,-1.034820363,-0.629856192
06-03-2025,346.6000061,355.3999939,343.0400085,344.269989,99324500,TSLA,0.004610542,332.0065018,0.031169677,12.35998535,1.579986572,0.960654508,0.035902012,-0.198525239,-0.19828058
06-04-2025,345.1000061,345.6000061,327.3299866,332.0499878,98912100,TSLA,-0.035495401,334.8415009,0.032268785,18.27001953,-12.22000122,0.946506033,0.055021895,-0.285948418,-1.406544675
06-05-2025,322.4899902,324.5499878,273.2099915,284.7000122,287499800,TSLA,-0.142598938,335.2655014,0.046977107,51.33999634,-47.34997559,2.493543128,0.180330152,3.884647721,-3.090933147
06-06-2025,298.8299866,305.5,291.1400146,295.1400146,164747700,TSLA,0.036670186,335.7815018,0.04716996,14.35998535,10.44000244,1.388423312,0.048654824,1.014179446,0.716329806
06-09-2025,285.9599915,309.8299866,281.8500061,308.5799866,140908900,TSLA,0.045537614,336.2975006,0.04708976,27.97998047,13.43997192,1.183271413,0.090673348,0.478399518,0.907610924
06-10-2025,314.9400024,327.8299866,310.6700134,326.0899963,151256500,TSLA,0.056743828,336.6830002,0.04637092,17.15997314,17.51000977,1.249995197,0.052623427,0.655502019,1.174897941
06-11-2025,334.3999939,335.5,322.5,326.4299927,122611400,TSLA,0.001042646,336.3009995,0.045031821,13,0.339996338,1.019327131,0.039824772,0.050540453,0.026466199
06-12-2025,323.0799866,332.5599976,316.8599854,319.1099854,105127500,TSLA,-0.022424432,334.8724991,0.044220866,15.70001221,-7.320007324,0.885708493,0.049199376,-0.295281362,-0.43230812
6/13/2025,313.9700012,332.9899902,313.2999878,325.3099976,128964300,TSLA,0.019429076,333.9969986,0.044427048,19.69000244,6.200012207,1.072493164,0.06052689,0.190639796,0.474172822
6/16/2025,331.2900085,332.0499878,326.4100037,329.1300049,83925900,TSLA,0.011742668,332.9544983,0.044229698,5.639984131,3.820007324,0.701435895,0.017136038,-0.774268686,0.31284043
6/17/2025,326.0899963,327.2600098,314.7399902,316.3500061,88282700,TSLA,-0.038829637,331.6674988,0.044772576,12.52001953,-12.77999878,0.73803026,0.039576479,-0.678895465,-0.802303511
6/18/2025,317.3099976,329.3200073,315.4500122,322.0499878,95137700,TSLA,0.01801796,330.5789978,0.044987222,13.86999512,5.699981689,0.807685954,0.043067833,-0.488438601,0.450758288
6/20/2025,327.9500122,332.3599854,317.7799988,322.1600037,108688000,TSLA,0.000341611,329.9559982,0.04461712,14.57998657,0.110015869,0.920249347,0.045256973,-0.203487246,0.027949424
6/23/2025,327.5400085,357.5400085,327.480011,348.6799927,190716800,TSLA,0.082319309,330.3379974,0.048202675,30.05999756,26.51998901,1.553229166,0.086210847,1.394220423,1.661070788
6/24/2025,356.1700134,356.2600098,340.4400024,340.4700012,114736200,TSLA,-0.023545921,330.3944977,0.048526914,15.82000732,-8.209991455,0.923122894,0.046465202,-0.199310197,-0.512480941
6/25/2025,342.7000122,343,320.3999939,327.5499878,119845100,TSLA,-0.037947582,328.6274963,0.046495055,22.6000061,-12.92001343,0.964344005,0.068997121,-0.092427151,-0.729183519
6/26/2025,324.6099854,331.0499878,323.6099854,325.7799988,80440900,TSLA,-0.005403722,327.0714966,0.046404621,7.440002441,-1.769989014,0.650142399,0.022837505,-0.894387957,-0.041261034
6/27/2025,324.5100098,329.3399963,317.5,323.6300049,89067000,TSLA,-0.006599527,325.3314972,0.046372447,11.83999634,-2.149993896,0.719575841,0.036584977,-0.717725269,-0.055338591
6/30/2025,319.8999939,325.5799866,316.6000061,317.6600037,76695100,TSLA,-0.018446995,323.8914978,0.045993196,8.979980469,-5.970001221,0.631557173,0.028269157,-0.903997554,-0.329637599
07-01-2025,298.4599915,305.8900146,293.2099915,300.7099915,145085700,TSLA,-0.053358975,321.7924973,0.047323918,12.68002319,-16.95001221,1.16442396,0.04216695,0.419392789,-1.013212613
07-02-2025,312.6300049,316.8299866,303.8200073,315.6499939,119483700,TSLA,0.049682428,320.3614975,0.048873996,13.00997925,14.94000244,0.951252979,0.041216472,-0.126228055,1.081119255
07-03-2025,317.9899902,318.4500122,312.7600098,315.3500061,58042300,TSLA,-0.000950381,319.5264984,0.048277736,5.690002441,-0.299987793,0.469737906,0.018043451,-1.297177621,0.009912606
07-07-2025,291.3699951,296.1499939,288.769989,293.9400024,131177900,TSLA,-0.067892828,319.9884979,0.038725406,7.380004883,-21.41000366,1.13331513,0.025107181,0.470515171,-1.8127426
07-08-2025,297,304.0499878,294.3500061,297.8099976,103246700,TSLA,0.013165936,320.1219971,0.037977085,9.699981689,3.869995117,0.916347329,0.032571041,-0.306208629,0.316895881
07-09-2025,297.5499878,300.1499939,293.5499878,295.8800049,75586800,TSLA,-0.006480617,319.486998,0.036529463,6.600006104,-1.929992676,0.690884067,0.022306361,-1.087750057,-0.1371731
07-10-2025,300.0499878,310.480011,300,309.8699951,104365300,TSLA,0.047282648,318.6759979,0.035789686,10.48001099,13.98999023,0.97481771,0.03382067,-0.091404064,1.375409246
07-11-2025,307.8900146,314.0899963,305.6499939,313.5100098,79236400,TSLA,0.011746909,318.0299988,0.035916495,8.440002441,3.640014648,0.755405052,0.026920998,-0.858512322,0.366252685
7/14/2025,317.730011,322.6000061,312.6700134,316.8999939,78043400,TSLA,0.010813001,317.9194992,0.035660901,9.929992676,3.389984131,0.753762892,0.031334783,-0.836423015,0.296087114
7/15/2025,319.6799927,321.2000122,310.5,310.7799988,77556300,TSLA,-0.019312071,317.1929993,0.035616689,10.70001221,-6.119995117,0.768127564,0.034429539,-0.77033811,-0.494972499
7/16/2025,312.7999878,323.5,312.6199951,321.6700134,97284800,TSLA,0.035040912,316.8199997,0.03645016,10.88000488,10.89001465,0.957188963,0.033823497,-0.144350057,0.975545499
7/17/2025,323.1499939,324.3399963,317.0599976,319.4100037,73922900,TSLA,-0.007025864,316.9729996,0.03536848,7.279998779,-2.260009766,0.732504971,0.022792019,-0.880906418,-0.228965893
7/18/2025,321.6600037,330.8999939,321.4200134,329.6499939,94255000,TSLA,0.032059078,317.3529999,0.035858512,9.479980469,10.23999023,0.934385202,0.028757715,-0.215919927,0.844561274
7/21/2025,334.3999939,338,326.8800049,328.4899902,75768800,TSLA,-0.003518895,317.6694992,0.035877016,11.11999512,-1.160003662,0.763583975,0.033851854,-0.754479963,-0.142158896
7/22/2025,329.7399902,335.4100037,321.5499878,332.1099854,77370400,TSLA,0.011020108,316.8409988,0.030584084,13.86001587,3.619995117,0.826955511,0.04173321,-0.711647168,0.425179509
7/23/2025,330.8999939,336.2000122,328.6700134,332.5599976,92553800,TSLA,0.00135501,316.4454987,0.030164067,7.529998779,0.450012207,1.001107447,0.022642527,0.004612448,0.069406454
7/24/2025,310,310.1499939,300.4100037,305.2999878,156966000,TSLA,-0.081970201,315.3329987,0.034339417,9.739990234,-27.26000977,1.664407036,0.031903015,2.423119142,-2.301451364
7/25/2025,308.7399902,323.6300049,308.0100098,316.0599976,148227000,TSLA,0.035244056,314.8469986,0.035373222,15.61999512,10.76000977,1.517215028,0.049420981,1.787101953,1.0219982
7/28/2025,318.4500122,330.4899902,315.6900024,325.5899963,112673800,TSLA,0.030152499,314.9449982,0.036010822,14.79998779,9.529998779,1.139533768,0.045455905,0.486000101,0.811484146
7/29/2025,325.5499878,326.25,318.25,321.2000122,87358900,TSLA,-0.013483166,315.1219986,0.035887136,8,-4.389984131,0.878771157,0.024906599,-0.429673348,-0.40854879
7/30/2025,322.1799927,324.4500122,311.6199951,319.0400085,83931900,TSLA,-0.006724793,316.0384995,0.033599212,12.83001709,-2.160003662,0.871091134,0.040214446,-0.47643661,-0.304619692
7/31/2025,319.6099854,321.3699951,306.1000061,308.269989,85270900,TSLA,-0.033757583,315.6694992,0.03273348,15.26998901,-10.77001953,0.90098404,0.049534465,-0.366194749,-1.011067905
08-01-2025,306.2099915,309.3099976,297.8200073,302.6300049,89121400,TSLA,-0.018295599,315.0334991,0.032970447,11.48999023,-5.639984131,0.926457172,0.037967122,-0.292889153,-0.508531956
08-04-2025,309.0799866,312.1199951,303,309.2600098,78683900,TSLA,0.021907956,315.7994995,0.029375872,9.119995117,6.630004883,0.840898516,0.029489733,-0.647942801,0.644984777
08-05-2025,308.9500122,312.4500122,305.5,308.7200012,57961300,TSLA,-0.001746131,316.3449997,0.029292348,6.950012207,-0.540008545,0.634796146,0.022512348,-1.379467538,-0.135239891
08-06-2025,307.8900146,320.4700012,306.9299927,319.9100037,78523600,TSLA,0.036246445,317.5464996,0.030169701,13.54000854,11.19000244,0.858615045,0.04232443,-0.536944215,1.057177495
08-07-2025,319.7900085,322.3999939,316.1600037,322.269989,66658700,TSLA,0.007377029,318.1664993,0.028451686,6.239990234,2.359985352,0.744220678,0.019362617,-0.935489802,0.17646033
08-08-2025,321.4299927,335.1499939,320.980011,329.6499939,91200300,TSLA,0.022900069,318.9734985,0.028753133,14.16998291,7.380004883,1.011463717,0.042984933,0.042415077,0.695088617
08-11-2025,335,346.6400146,334.1499939,339.0299988,105320200,TSLA,0.028454437,320.0799988,0.029274083,12.49002075,9.380004883,1.150656948,0.036840459,0.564716967,0.842324328
08-12-2025,345,345.2600098,332.9400024,340.8399963,80522100,TSLA,0.005338753,321.5829987,0.028764445,12.32000732,1.809997559,0.878306797,0.036146014,-0.458399698,0.010778845
8/13/2025,341.5,348.980011,338.2000122,339.3800049,67838900,TSLA,-0.00428351,322.4684982,0.027937088,10.77999878,-1.459991455,0.752040125,0.031763801,-0.899515326,-0.262947758
8/14/2025,335.7600098,340.4700012,330.3999939,335.5799866,75000700,TSLA,-0.011196942,323.2769974,0.028031771,10.07000732,-3.800018311,0.830937118,0.030007771,-0.614559723,-0.501248149
8/15/2025,337.6600037,339.2999878,327.019989,330.5599976,74319800,TSLA,-0.014959143,323.3224976,0.027418446,12.27999878,-5.019989014,0.832587789,0.037149077,-0.596309034,-0.563932867
8/18/2025,329.6199951,336.269989,329.5899963,335.1600037,56956600,TSLA,0.013915798,323.6559982,0.027560633,6.679992676,4.600006104,0.644867062,0.019930757,-1.209582462,0.455034671
8/19/2025,335.7900085,340.5499878,327.8500061,329.3099976,75956000,TSLA,-0.017454368,323.5159988,0.027770814,12.69998169,-5.850006104,0.860668885,0.03856543,-0.47357264,-0.626751484
8/20/2025,329.2200012,331.3699951,314.6000061,323.8999939,77481800,TSLA,-0.016428301,323.0829987,0.028007182,16.76998901,-5.410003662,0.885519543,0.051775206,-0.384494384,-0.553078336
8/21/2025,322.0799866,324.8999939,318.6799927,320.1099854,55744400,TSLA,-0.011701169,323.8234985,0.020782588,6.220001221,-3.790008545,0.676201069,0.019430825,-1.257163538,-0.68694455
8/22/2025,321.6600037,340.25,319.6900024,340.0100098,94016300,TSLA,0.06216621,325.0209991,0.023679873,20.55999756,19.90002441,1.179226756,0.060468801,0.958262903,2.459674719
8/25/2025,338.8999939,349.5299988,335.0299988,346.6000061,86670000,TSLA,0.019381772,326.0714996,0.023168881,14.5,6.589996338,1.10510573,0.041834968,0.639823954,0.69053328
8/26/2025,344.9299927,351.8999939,343.7200012,351.6700134,76651600,TSLA,0.014627834,327.5949997,0.022943429,8.179992676,5.070007324,0.984081451,0.023260421,-0.097523487,0.428854636
8/27/2025,351.9400024,355.3900146,349.1600037,349.6000061,65519000,TSLA,-0.005886221,329.1229996,0.022922037,6.230010986,-2.070007324,0.851218074,0.017820397,-0.886460068,-0.467523337
8/28/2025,350.9100037,353.5499878,340.2600098,345.980011,67903200,TSLA,-0.010354677,331.0085007,0.021394966,13.28997803,-3.619995117,0.892259898,0.03841256,-0.634861026,-0.764440974
8/29/2025,347.230011,348.75,331.7000122,333.8699951,81145700,TSLA,-0.035002068,332.5705002,0.022680971,17.04998779,-12.11001587,1.071885451,0.051067745,0.431510085,-1.770967244
09-02-2025,328.230011,333.3299866,325.6000061,329.3599854,58392000,TSLA,-0.013508281,333.575499,0.02268754,7.729980469,-4.510009766,0.78180072,0.023469701,-1.238071096,-0.745019413
09-03-2025,335.2000122,343.3299866,328.5100098,334.0899963,88733300,TSLA,0.014361219,334.8439987,0.022781155,14.81997681,4.730010986,1.164055696,0.044359235,0.969354418,0.446047402
09-04-2025,336.1499939,338.8900146,331.480011,338.5299988,60711000,TSLA,0.01328984,335.7749985,0.021630787,7.410003662,4.440002441,0.805858151,0.021888765,-1.09628936,0.47330342
09-05-2025,348,355.8699951,344.6799927,350.8399963,108989800,TSLA,0.036363092,337.2034988,0.022871318,11.19000244,12.30999756,1.407161846,0.031894888,2.084332028,1.393093092
09-08-2025,354.6400146,358.4400024,344.8399963,346.3999939,75208300,TSLA,-0.012655349,338.0409988,0.022747431,13.6000061,-4.440002441,0.981139479,0.039260988,-0.097790526,-0.676067312
09-09-2025,348.4400024,350.769989,343.8200073,346.9700012,53816000,TSLA,0.001645518,338.437999,0.021926443,6.949981689,0.570007324,0.726469406,0.020030497,-1.448130673,0.011972638
09-10-2025,350.5499878,356.3299866,346.0700073,347.7900085,72121700,TSLA,0.002363338,338.7854996,0.021908277,10.25997925,0.820007324,0.979132094,0.0295005,-0.11046648,0.051537975
09-11-2025,350.1700134,368.9899902,347.6000061,368.8099976,103756000,TSLA,0.060438737,340.2569992,0.025530951,21.38998413,21.01998901,1.375077431,0.0579973,1.841805968,2.192178266
09-12-2025,370.9400024,396.6900024,370.2399902,395.9400024,168156400,TSLA,0.073560926,343.275,0.029516819,26.45001221,27.13000488,2.099004718,0.066803081,3.412750708,2.197143601
9/15/2025,423.1300049,425.7000122,402.4299927,410.0400085,163823700,TSLA,0.035611471,347.2490005,0.029548693,23.27001953,14.1000061,1.93673331,0.056750607,2.491334894,0.824899618
9/16/2025,414.5,423.25,411.4299927,421.6199951,104285700,TSLA,0.028241114,351.5720001,0.029789692,11.82000732,11.57998657,1.19931902,0.028034741,0.551984205,0.546769058
9/17/2025,415.75,428.3099976,409.6700134,425.8599854,106133500,TSLA,0.010056426,356.3994995,0.028984614,18.63998413,4.239990234,1.199750585,0.043770217,0.559777797,-0.112892504
9/18/2025,428.8699951,432.2200012,416.5599976,416.8500061,90454500,TSLA,-0.02115714,361.0470001,0.029258129,15.66000366,-9.009979248,1.01506981,0.037567479,0.042682215,-1.170589871
9/19/2025,421.8200073,429.4700012,421.7200012,426.0700073,93131000,TSLA,0.022118271,366.3450012,0.028722172,7.75,9.220001221,1.023632039,0.018189499,0.070561437,0.255383508
9/22/2025,431.1099854,444.980011,429.1300049,434.2099915,97108800,TSLA,0.019104804,371.0550003,0.026512265,15.8500061,8.139984131,1.065542363,0.036503089,0.195876861,0.244218025
9/23/2025,439.8800049,440.9700012,423.7200012,425.8500061,83422700,TSLA,-0.019253323,375.0175003,0.027387505,17.25,-8.359985352,0.91700308,0.04050722,-0.247325888,-1.093622818
9/24/2025,429.8299866,444.2099915,429.0299988,442.7900085,93133600,TSLA,0.03977927,379.5735001,0.028144426,15.17999268,16.94000244,1.014557128,0.0342826,0.044039285,0.98859439
9/25/2025,435.2399902,435.3500061,419.0799866,423.3900146,96746400,TSLA,-0.04381308,383.2630005,0.030582053,16.27001953,-19.3999939,1.036287312,0.038427972,0.113999593,-1.761575168
9/26/2025,428.2999878,440.4700012,421.019989,440.3999939,101628200,TSLA,0.040175674,387.9839996,0.030892476,19.45001221,17.00997925,1.069264989,0.044164424,0.22585707,0.893086434
9/29/2025,444.3500061,450.980011,439.5,443.2099915,79491500,TSLA,0.006380558,393.4509995,0.028856096,11.48001099,2.809997559,0.83708566,0.025901968,-0.529966694,-0.286753847
9/30/2025,441.519989,445,433.1199951,444.7200012,74358000,TSLA,0.003406985,399.2190002,0.02822825,11.88000488,1.510009766,0.776499664,0.026713449,-0.755067228,-0.428433672
10-01-2025,443.7999878,462.2900085,440.75,459.4599915,98122300,TSLA,0.033144428,405.4875,0.028499494,21.54000854,14.73999023,1.019664823,0.046881141,0.066866441,0.586127971
10-02-2025,470.5400085,470.75,435.5700073,436,137009000,TSLA,-0.051059922,410.3610001,0.0322584,35.17999268,-23.45999146,1.369475722,0.080688057,1.301429872,-1.992737155
10-03-2025,443.2900085,446.769989,416.5799866,429.8299866,133188200,TSLA,-0.014151407,414.3104996,0.032328698,30.19000244,-6.170013428,1.315376979,0.070237078,1.089695821,-0.768613433
10-06-2025,440.75,453.5499878,436.6900024,453.25,85324900,TSLA,0.05448669,419.6529999,0.033249116,16.85998535,23.42001343,0.838486564,0.037197982,-0.568387271,1.216054095
10-07-2025,447.8200073,452.6799927,432.4500122,433.0899963,102296100,TSLA,-0.044478773,423.9589996,0.035666813,20.22998047,-20.16000366,0.981873426,0.046710801,-0.070924286,-1.576438143
10-08-2025,437.5700073,441.3299866,425.230011,438.6900024,71192100,TSLA,0.012930352,428.5039993,0.035598683,16.09997559,5.600006104,0.683631442,0.03670012,-1.234544678,0.018378457
10-09-2025,431.8099976,436.3500061,426.1799927,435.5400085,69339900,TSLA,-0.007180455,431.8404999,0.033956907,10.17001343,-3.149993896,0.677032914,0.023350354,-1.189872136,-0.473411752
10-10-2025,436.5400085,443.1300049,411.4500122,413.4899902,112107900,TSLA,-0.050626849,432.7179993,0.032846079,31.67999268,-22.05001831,1.125412965,0.076616105,0.53661343,-1.623104072
10/13/2025,423.5299988,436.8900146,419.7000122,435.8999939,79552800,TSLA,0.05419721,434.0109985,0.034066876,17.19000244,22.41000366,0.833874949,0.039435657,-0.875729504,1.48479034
10/14/2025,426.7900085,434.2000122,417.8599854,429.2399902,72669400,TSLA,-0.015278742,434.3919983,0.03379997,16.34002686,-6.660003662,0.774557469,0.038067345,-1.133928769,-0.494609648
10/15/2025,434.8999939,440.5100098,426.3299866,435.1499939,71558200,TSLA,0.01376853,434.8564987,0.03385992,14.18002319,5.910003662,0.777031391,0.032586518,-1.077892361,0.358650464
10/16/2025,434.730011,439.3500061,421.3099976,428.75,77189900,TSLA,-0.014707558,435.4514984,0.03366166,18.04000854,-6.399993896,0.844264775,0.042075822,-0.736286073,-0.494767377
10/17/2025,425.5,441.4599915,423.6000061,439.3099976,89331600,TSLA,0.024629732,436.1134979,0.033745448,17.85998535,10.55999756,0.979099027,0.04065463,-0.098605054,0.668446468
10/20/2025,443.8699951,449.7999878,440.6099854,447.4299927,63719000,TSLA,0.01848352,436.774498,0.033729226,9.190002441,8.119995117,0.711395009,0.020539532,-1.278002873,0.487466799
10/21/2025,445.7600098,449.2999878,442.0499878,442.6000061,54412200,TSLA,-0.010794955,437.611998,0.033500416,7.25,-4.829986572,0.617488529,0.016380479,-1.554793313,-0.395801516
10/22/2025,443.4500122,445.5400085,429,438.9700012,84023500,TSLA,-0.008201547,437.4209976,0.032387091,16.54000854,-3.630004883,0.958482453,0.037679132,-0.168001837,-0.255258087
10/23/2025,420,449.3999939,413.8999939,448.980011,126709800,TSLA,0.022803403,438.7004974,0.031034227,35.5,10.01000977,1.421131215,0.079068108,1.611572946,0.625343731
10/24/2025,446.8299866,451.6799927,430.1700134,433.7200012,94727800,TSLA,-0.033988172,438.3664978,0.030838467,21.50997925,-15.26000977,1.066559869,0.04959416,0.255298146,-1.092023241
10/27/2025,439.980011,460.1600037,438.6900024,452.4200134,105867500,TSLA,0.043115402,438.8269989,0.032316588,21.47000122,18.70001221,1.174543675,0.047455905,0.673856849,1.286970888
10/28/2025,454.7799988,467,451.6000061,460.5499878,80185700,TSLA,0.017969971,439.6184982,0.032524622,15.3999939,8.129974365,0.886751091,0.033438268,-0.441877496,0.483231678
10/29/2025,462.5,465.7000122,452.6499939,461.5100098,67983500,TSLA,0.002084512,439.7209991,0.031703134,13.05001831,0.960021973,0.764551513,0.028276783,-0.886208878,0.043669657
10/30/2025,451.0499878,455.0599976,439.6099854,440.1000061,72447900,TSLA,-0.046391201,439.9259995,0.031316791,15.45001221,-21.41000366,0.845451285,0.035105685,-0.631576922,-1.511160087
10/31/2025,446.75,458,443.6900024,456.5599976,83135800,TSLA,0.037400571,441.2625,0.032121071,14.30999756,16.45999146,0.999363195,0.031343082,-0.002986163,1.05505477
11-03-2025,455.9899902,474.0700073,453.7999878,468.3699951,84595200,TSLA,0.025867351,442.0184998,0.030317476,20.27001953,11.80999756,1.017352619,0.043277793,0.081353575,0.784604759
11-04-2025,454.4599915,460.2200012,443.6000061,444.2600098,87756600,TSLA,-0.051476366,442.5770004,0.03091751,16.61999512,-24.10998535,1.06468019,0.037410514,0.309955036,-1.720921321
11-05-2025,452.0499878,466.3299866,440.7099915,462.0700073,85573000,TSLA,0.040089131,443.7460007,0.032012364,25.61999512,17.80999756,1.029209919,0.055446133,0.142816117,1.155833292
11-06-2025,461.9599915,467.4500122,435.0899963,445.9100037,109622900,TSLA,-0.034973063,444.2645004,0.033067419,32.36001587,-16.16000366,1.287280625,0.072570733,1.385504973,-1.108995157
11-07-2025,437.9200134,439.3599854,421.8800049,429.519989,103471500,TSLA,-0.036756329,445.0660004,0.032041782,17.47998047,-16.39001465,1.22123855,0.040696547,1.098815781,-1.221792166
11-10-2025,439.6000061,449.6700134,433.3599854,445.230011,76515900,TSLA,0.036575765,445.5325012,0.030758882,16.31002808,15.71002197,0.90471227,0.036632814,-0.470705756,1.139988359
11-11-2025,439.3999939,442.4899902,432.3599854,439.6199951,60533200,TSLA,-0.012600264,446.0515015,0.03068768,10.13000488,-5.610015869,0.720907664,0.023042639,-1.318935452,-0.464198851
11-12-2025,442.1499939,442.3299866,426.5599976,430.6000061,58513500,TSLA,-0.020517695,445.8240021,0.030931472,15.76998901,-9.019989014,0.702309766,0.03662329,-1.342627708,-0.661084134
11/13/2025,423.1300049,424.5,396.3399963,401.9899902,118948000,TSLA,-0.06644221,444.4860016,0.034209582,28.16000366,-28.61001587,1.392773299,0.070051505,1.674057866,-1.864567859
11/14/2025,386.2999878,412.1900024,382.7799988,404.3500061,105506700,TSLA,0.005870832,442.738002,0.033675081,29.41000366,2.360015869,1.223798741,0.072734026,0.940031698,0.281065385
11/17/2025,398.7399902,423.9599915,398.7399902,408.9200134,102214300,TSLA,0.011302108,440.8125031,0.033464914,25.22000122,4.570007324,1.159717702,0.061674656,0.700163671,0.45585791
11/18/2025,405.3800049,408.8999939,393.7099915,401.25,80688600,TSLA,-0.018756757,438.7450027,0.033597678,15.19000244,-7.670013428,0.902042005,0.037856704,-0.471434173,-0.428765616
11/19/2025,406.1799927,411.7799988,398.5,403.9899902,72047700,TSLA,0.006828636,436.9960022,0.03367503,13.27999878,2.739990234,0.81087081,0.032872099,-0.886316269,0.309676193
11/20/2025,414.6300049,428.9400024,394.7399902,395.230011,113548800,TSLA,-0.021683654,434.3085022,0.033306467,34.20001221,-8.759979248,1.287485952,0.086531921,1.426995132,-0.476171268
11/21/2025,402.3200073,402.7999878,383.7600098,391.0899963,100460600,TSLA,-0.01047495,432.177002,0.032668885,19.03997803,-4.140014648,1.135393768,0.04868439,0.668351781,-0.178351345
11/24/2025,402.1700134,421.7200012,401.0899963,417.7799988,96806400,TSLA,0.068245168,430.4450012,0.035002542,20.63000488,26.69000244,1.099725439,0.049380068,0.499556753,2.046625359
11/25/2025,414.4200134,420.480011,405.9500122,419.3999939,71915600,TSLA,0.003877627,428.3875015,0.034690335,14.52999878,1.619995117,0.820820486,0.034644728,-0.878889027,0.229867103
11/26/2025,423.9500122,426.9400024,416.8900146,426.5799866,63463000,TSLA,0.017119678,426.6410004,0.034992922,10.04998779,7.179992676,0.726218831,0.023559445,-1.318215767,0.584817094
11/28/2025,426.5899963,432.9299927,426.2000122,430.1700134,36252900,TSLA,0.008415835,426.1445007,0.033561189,6.729980469,3.590026855,0.423621538,0.015644932,-2.320493907,0.268770713
12-01-2025,425.3200073,433.6600037,425.2900085,430.1400146,57463600,TSLA,-6.97E-05,424.8235016,0.032352027,8.369995117,-0.029998779,0.681697232,0.019458769,-1.210394715,0.074437617
12-02-2025,430.8099976,436.7999878,422.1199951,429.2399902,69336600,TSLA,-0.002092399,422.8670013,0.031659391,14.67999268,-0.900024414,0.830060634,0.034199965,-0.633222071,0.056335055
12-03-2025,432.1000061,447.9200134,431.1099854,446.7399902,87483000,TSLA,0.040769733,422.9910004,0.031073759,16.81002808,17.5,1.047471159,0.037628214,0.176877143,1.28833338
12-04-2025,449.9400024,454.6300049,445.3900146,454.5299988,71906500,TSLA,0.017437455,422.6139999,0.029956656,9.239990234,7.790008545,0.86806942,0.02032867,-0.484482668,0.595315662
12-05-2025,453.0299988,458.8699951,451.6600037,455,56427500,TSLA,0.001034038,423.0684998,0.028830069,7.209991455,0.470001221,0.703802467,0.015846135,-1.061705085,-0.012837505
12-08-2025,447.4500122,449.75,435.25,439.5799866,69165800,TSLA,-0.033890139,423.5714996,0.028636872,14.5,-15.42001343,0.881543198,0.032986033,-0.426432472,-1.237481275
12-09-2025,437.5400085,452.3900146,435.7000122,445.1700134,62367400,TSLA,0.012716746,423.5684998,0.027578258,16.69000244,5.590026855,0.802127418,0.0374913,-0.69650165,0.448260473
12-10-2025,446.0700073,456.8800049,443.6099854,451.4500122,63257500,TSLA,0.014106967,424.1600006,0.027564553,13.27001953,6.279998779,0.812152469,0.029394217,-0.665494086,0.450473594
12-11-2025,448.9500122,449.269989,440.3299866,446.8900146,55979500,TSLA,-0.010100781,424.974501,0.027219096,8.940002441,-4.559997559,0.719882462,0.020004928,-0.985189803,-0.452310776
12-12-2025,448.0899963,463.0100098,441.6700134,458.9599915,95656700,TSLA,0.027008831,427.8230011,0.022409788,21.33999634,12.06997681,1.248823802,0.04649642,0.935584915,0.898070479
12/15/2025,469.4400024,481.769989,467.6600037,475.3099976,114542200,TSLA,0.035624033,431.3710007,0.023308591,14.10998535,16.3500061,1.486610959,0.029685859,1.774199935,1.169230347
12/16/2025,472.2099915,491.5,465.8299866,489.8800049,107608100,TSLA,0.030653694,435.4190002,0.023832445,25.67001343,14.57000732,1.391743804,0.052400615,1.408696021,0.894377088
12/17/2025,488.2200012,495.2799988,466.2000122,467.2600098,106490400,TSLA,-0.046174563,438.7195007,0.026204151,29.07998657,-22.61999512,1.35468475,0.062235128,1.241005173,-2.066167803
12/18/2025,478.1600037,490.8599854,473.1199951,483.3699951,95168400,TSLA,0.034477561,442.688501,0.026861977,17.73999023,16.10998535,1.193109386,0.036700644,0.67841358,0.93543016
12/19/2025,488.1199951,490.4899902,474.7200012,481.2000122,103305400,TSLA,-0.004489279,446.987001,0.026080245,15.76998901,-2.16998291,1.303491212,0.032772212,1.092918674,-0.563608791
12/22/2025,489.8800049,498.8299866,485.3299866,488.730011,86916100,TSLA,0.015648376,451.8690018,0.025640227,13.5,7.529998779,1.10614576,0.027622613,0.387500875,0.161169944
12/23/2025,489.3999939,491.9700012,482.8399963,485.5599976,58223600,TSLA,-0.006486226,455.2580017,0.022145021,9.130004883,-3.170013428,0.759638178,0.018803042,-0.855573124,-0.644189895
12/24/2025,488.480011,490.8999939,476.7999878,485.3999939,41285400,TSLA,-0.000329524,458.5580017,0.022203938,14.1000061,-0.160003662,0.549629382,0.029048221,-1.475284275,-0.355726934
12/26/2025,485.230011,489.0899963,473.8200073,475.1900024,58780700,TSLA,-0.021034181,460.9885025,0.022966136,15.26998901,-10.20999146,0.784989596,0.032134491,-0.697594935,-1.162385496
12/29/2025,469,469.3999939,459,459.6400146,66263000,TSLA,-0.032723727,462.4620026,0.024497718,10.3999939,-15.54998779,0.867528299,0.022626389,-0.474007109,-1.482916487
12/30/2025,461.0899963,463.1199951,453.8299866,454.4299927,59238500,TSLA,-0.011335005,463.6765015,0.024715184,9.290008545,-5.210021973,0.774662102,0.020443212,-0.810243446,-0.581670191
12/31/2025,456.1000061,456.5499878,449.2999878,449.7200012,49078000,TSLA,-0.010364614,464.700502,0.02487432,7.25,-4.709991455,0.650408573,0.016121142,-1.194096881,-0.522309092
01-02-2026,457.7999878,458.3399963,435.2999878,438.0700073,85535400,TSLA,-0.025904994,464.2670029,0.023943901,23.04000854,-11.6499939,1.135026822,0.052594353,0.46169266,-1.052406914
01-05-2026,447.9899902,457.5499878,444.5700073,451.6700134,67940800,TSLA,0.03104528,464.1240036,0.024668972,12.97998047,13.6000061,0.903930628,0.028737751,-0.326873712,1.259523736
01-06-2026,446.3800049,448.25,428.7799988,432.9599915,89093800,TSLA,-0.041424096,463.0220032,0.02634304,19.47000122,-18.71002197,1.160153544,0.044969516,0.563180974,-1.490918027
01-07-2026,435.8999939,438.3699951,431.2900085,431.4100037,59828800,TSLA,-0.003579979,462.613504,0.02527091,7.079986572,-1.549987793,0.783838326,0.016411271,-0.746292684,-0.116604633
01-08-2026,427.8900146,436.8900146,424.3699951,435.7999878,57041100,TSLA,0.010175898,462.1450027,0.025206569,12.52001953,4.389984131,0.749932259,0.02872882,-0.852316725,0.433863658
01-09-2026,435.9500122,449.0499878,430.3900146,445.0100098,67331500,TSLA,0.021133599,461.8230026,0.025472266,18.65997314,9.210021973,0.882858105,0.041931581,-0.402215706,0.845727018
01-12-2026,441.230011,454.2999878,438,448.9599915,61649600,TSLA,0.008876164,461.9265015,0.025445677,16.29998779,3.949981689,0.805362587,0.036306103,-0.678041058,0.327611695
1/13/2026,450.2000122,451.8099976,443.9500122,447.2000122,53719200,TSLA,-0.003920125,461.3385025,0.024680721,7.859985352,-1.759979248,0.721527964,0.017575995,-0.940030157,-0.118049202
1/14/2026,442.8099976,443.9100037,434.2200012,439.2000122,57259500,TSLA,-0.017889087,459.5330032,0.023366256,9.690002441,-8,0.799849248,0.022062846,-0.708687342,-0.608006945
1/15/2026,441.1300049,445.3599854,437.6499939,438.5700073,49465800,TSLA,-0.001434437,456.9675034,0.021942832,7.709991455,-0.630004883,0.720228011,0.017579842,-1.016467111,0.175556679
1/16/2026,439.5,447.25,435.2600098,437.5,60220600,TSLA,-0.002439764,455.4795029,0.019720303,11.98999023,-1.070007324,0.907384153,0.027405692,-0.367175191,0.033475353
1/20/2026,429.3599854,430.730011,417.4400024,419.25,63187300,TSLA,-0.041714286,452.2735031,0.019436348,13.29000854,-18.25,0.975591341,0.031699484,-0.103253599,-1.790706057
1/21/2026,421.6600037,438.2000122,419.6199951,431.4400024,68124000,TSLA,0.029075736,449.7855026,0.021039324,18.58001709,12.19000244,1.081176563,0.043065124,0.412710545,1.630612572
1/22/2026,435.1600037,449.5,432.6300049,449.3599854,71546700,TSLA,0.041535284,447.8170013,0.023087993,16.86999512,17.91998291,1.14951696,0.037542273,0.826661064,1.969516702
1/23/2026,447.4299927,452.4299927,444.0400085,449.0599976,56771400,TSLA,-0.000667589,445.9920013,0.023090838,8.389984131,-0.299987793,0.913192475,0.018683437,-0.478033224,0.128985502
1/26/2026,445,445.0400085,434.2799988,435.2000122,49397400,TSLA,-0.03086444,443.4820023,0.023856784,10.76000977,-13.85998535,0.789428075,0.024724286,-1.240029979,-1.076914717
1/27/2026,437.4100037,437.519989,430.6900024,430.8999939,37733100,TSLA,-0.009880557,441.2675018,0.023595421,6.829986572,-4.300018311,0.613334168,0.015850514,-1.98607407,-0.223158529
1/28/2026,431.9100037,438.2600098,430.1000061,431.4599915,54857400,TSLA,0.0012996,439.8585007,0.022670569,8.160003662,0.559997559,0.900024684,0.018912538,-0.507321203,0.185856405
1/29/2026,437.7999878,440.230011,414.6199951,416.5599976,81686100,TSLA,-0.034533895,437.9650009,0.023694481,25.61001587,-14.8999939,1.315960345,0.061479777,1.524909136,-1.28553477
1/30/2026,425.3500061,439.8800049,422.7000122,430.4100037,82626100,TSLA,0.033248526,436.999501,0.025053016,17.17999268,13.8500061,1.296079828,0.039915412,1.423581243,1.402692803
02-02-2026,421.2900085,427.1499939,414.5,421.8099976,58739500,TSLA,-0.019980962,436.1865005,0.024787798,12.6499939,-8.600006104,0.941172455,0.029989792,-0.299519032,-0.741655461
02-03-2026,424.269989,428.5599976,413.6900024,421.9599915,56886500,TSLA,0.000355596,434.7009995,0.02358129,14.86999512,0.149993896,0.91962643,0.035240296,-0.406034944,0.14787302
02-04-2026,420.4599915,423.8999939,399.1799927,406.0100098,74606900,TSLA,-0.037799749,433.3535004,0.023283578,24.72000122,-15.94998169,1.22038459,0.060885201,1.235619349,-1.496742693
02-05-2026,397.019989,402.1000061,387.5299988,397.2099915,72819800,TSLA,-0.021674388,431.6434998,0.023657871,14.57000732,-8.800018311,1.178629075,0.036680868,0.984966392,-0.753214167
02-06-2026,400.8699951,414.5499878,397.75,411.1099854,62677100,TSLA,0.034994069,430.4089996,0.025042897,16.79998779,13.8999939,1.009857767,0.040864947,0.054872376,1.501747378
02-09-2026,409.9100037,421.25,407.2900085,417.3200073,54484300,TSLA,0.0151055,429.0244995,0.024776901,13.95999146,6.210021973,0.8870354,0.033451527,-0.619488313,0.727328261
02-10-2026,418.0799866,427.25,417,425.2099915,64450200,TSLA,0.018906316,427.8369995,0.02512717,10.25,7.889984131,1.046899235,0.024105736,0.257307497,0.848493846
02-11-2026,427.9599915,436.3500061,420.0299988,428.269989,57362000,TSLA,0.007196439,426.8904984,0.025214898,16.32000732,3.059997559,0.929013216,0.03810682,-0.394301219,0.359094965
02-12-2026,430.2999878,436.230011,414,417.0700073,61933400,TSLA,-0.026151685,425.7839981,0.025556751,22.23001099,-11.19998169,0.999267814,0.053300431,-0.004100911,-0.934408715
2/13/2026,414.3099976,424.0599976,410.8800049,417.4400024,51434100,TSLA,0.00088713,424.7274979,0.025566022,13.17999268,0.369995117,0.828550646,0.031573382,-0.971359253,0.118997215
2/17/2026,412.3599854,413.7200012,400.5100098,410.6300049,59678800,TSLA,-0.016313716,423.3839981,0.025761627,13.20999146,-6.809997559,0.961784029,0.032170059,-0.216312394,-0.522671263
2/18/2026,411.1099854,416.8999939,409.5799866,411.3200073,45921400,TSLA,0.001680351,422.9874985,0.024089094,7.320007324,0.690002441,0.750511426,0.01779638,-1.323613372,0.097947743
2/19/2026,407.25,415.25,404.1099854,411.7099915,51019600,TSLA,0.000948128,422.0009979,0.023059583,11.14001465,0.389984131,0.845653164,0.027057917,-0.801000524,0.131556166
2/20/2026,408.2999878,414.7000122,405.5,411.8200073,57912200,TSLA,0.000267217,420.123999,0.020673849,9.200012207,0.110015869,0.97086892,0.022339886,-0.153379795,0.213609101
2/23/2026,407.2900085,407.7000122,394.0400085,399.8299866,69680000,TSLA,-0.029114712,417.6624985,0.021387973,13.66000366,-11.99002075,1.155645727,0.03416453,0.814460689,-1.10077986
2/24/2026,399.5,410.8200073,397.6400146,409.3800049,58579500,TSLA,0.023885198,416.3714981,0.021483806,13.17999268,9.550018311,0.96420177,0.032195008,-0.193408398,1.243679884
2/25/2026,412.1499939,420.3399963,412.1499939,417.3999939,54809700,TSLA,0.019590573,415.6964981,0.021980005,8.190002441,8.019989014,0.889648997,0.019621472,-0.681040655,0.953175242
2/26/2026,414.4200134,416.8099976,403.6600037,408.5799866,53602500,TSLA,-0.021130828,414.5524979,0.022405283,13.1499939,-8.820007324,0.870941223,0.032184626,-0.791839635,-0.832352037
2/27/2026,402.9400024,407.1199951,398.1099854,402.5100098,56890100,TSLA,-0.014856275,413.8499985,0.021329947,9.010009766,-6.069976807,0.943362139,0.022384561,-0.384782975,-0.626274978
03-02-2026,390.6000061,404.5400085,388.25,403.3200073,55088300,TSLA,0.002012366,412.4954987,0.019735876,16.29000854,0.809997559,0.934828211,0.040389785,-0.532524751,0.25699583
03-03-2026,395.0899963,396.3399963,385.3900146,392.4299927,62617300,TSLA,-0.027000928,411.0264984,0.020111506,10.94998169,-10.89001465,1.059107853,0.027903019,0.481452639,-1.172973252
03-04-2026,397.8500061,408.3299866,394.5799866,405.9400024,68305500,TSLA,0.034426547,410.225499,0.021817918,13.75,13.51000977,1.144267726,0.033872001,1.145529757,1.656146538
03-05-2026,401.5700073,408.6199951,399.4200134,405.5499878,51925900,TSLA,-0.000960769,410.2024979,0.0200977,9.199981689,-0.390014648,0.886719057,0.022685198,-0.971415277,-0.054513497
03-06-2026,398.0899963,402.3500061,394.2099915,396.730011,64054600,TSLA,-0.021748187,410.1784988,0.020101921,8.140014648,-8.819976807,1.102084304,0.020517769,0.971260749,-1.088419512
03-09-2026,390.0499878,401.5899963,381.3999939,398.6799927,67018900,TSLA,0.004915135,409.5569992,0.018410356,20.19000244,1.949981689,1.148795352,0.050642126,1.3666649,0.341543923
03-10-2026,402.2200012,406.5899963,398.1900024,399.2399902,59258700,TSLA,0.001404629,408.6529984,0.018015603,8.399993896,0.559997559,1.011635342,0.021039961,0.108382546,0.192193553
03-11-2026,402.2799988,416.3800049,402.1499939,407.8200073,62559900,TSLA,0.021490876,407.7834991,0.018182393,14.23001099,8.58001709,1.069717807,0.034892871,0.6566406,1.288031842
03-12-2026,405.1799927,406.5,394.6499939,395.0100098,60973800,TSLA,-0.03141091,406.1205002,0.019184425,11.8500061,-12.80999756,1.039387378,0.029999255,0.371030654,-1.436160705
3/13/2026,399.1700134,400.2000122,389.9500122,391.2000122,58504100,TSLA,-0.009645319,404.8270004,0.018518405,10.25,-3.809997559,1.000211226,0.026201431,0.001999275,-0.357030977
3/16/2026,396.2200012,403.730011,394.4200134,395.5599976,58068300,TSLA,0.011145156,403.7330002,0.018773022,9.309997559,4.359985352,0.987162349,0.023536246,-0.126811729,0.727955782
3/17/2026,395.6900024,400.1199951,393,399.269989,46890500,TSLA,0.009379087,403.1649994,0.018658222,7.119995117,3.709991455,0.805899693,0.017832533,-1.73261876,0.568929853
3/18/2026,399,403.0700073,392.3099976,392.7799988,50853100,TSLA,-0.016254641,402.237999,0.018939547,10.76000977,-6.489990234,0.870315866,0.027394495,-1.240102112,-0.745622788
3/19/2026,387.269989,387.269989,378.730011,380.2999878,67078300,TSLA,-0.03177354,400.6674988,0.020040699,8.539978027,-12.48001099,1.132437422,0.022455899,1.27757698,-1.397385048
3/20/2026,379.8500061,379.8900146,364.4599915,367.9599915,78628600,TSLA,-0.032448059,398.474498,0.021005824,15.43002319,-12.33999634,1.304619361,0.04193397,2.447230051,-1.287420517
3/23/2026,373.0899963,385.3299866,372.730011,380.8500061,74606000,TSLA,0.035031022,397.525499,0.022065454,12.59997559,12.89001465,1.232837506,0.033083827,1.784105939,1.687183273
3/24/2026,376.5599976,387.480011,376.3099976,383.0299988,60004900,TSLA,0.005724019,396.2079987,0.021295855,11.17001343,2.179992676,0.990393146,0.029162242,-0.073810608,0.414612199
3/25/2026,389.9899902,396.230011,385.0100098,385.9500122,55157300,TSLA,0.007623459,394.6354996,0.020786627,11.22000122,2.920013428,0.910121439,0.029071125,-0.691889121,0.544932891
3/26/2026,381.6000061,384.4400024,371.8699951,372.1099854,55522900,TSLA,-0.035859636,392.8119995,0.02167832,12.57000732,-13.84002686,0.914704775,0.033780355,-0.664276572,-1.449343768
3/27/2026,369.6900024,369.8599854,359.4700012,361.8299866,62065700,TSLA,-0.027626237,390.7779984,0.022183425,10.38998413,-10.27999878,1.018152654,0.0287151,0.142843535,-1.016409348
3/30/2026,365.8599854,367.2900085,352.1400146,355.2799988,67954400,TSLA,-0.018102391,388.3759979,0.022300675,15.1499939,-6.549987793,1.103112239,0.042642406,0.817737812,-0.538901014
3/31/2026,361.5100098,373.3299866,361,371.75,75534900,TSLA,0.046357806,387.3419983,0.024594298,12.32998657,16.47000122,1.213444894,0.033167415,1.587361662,1.983158998
04-01-2026,378.6300049,383.1400146,374.0799866,381.2600098,58683800,TSLA,0.025581734,386.1079987,0.023968497,9.060028076,9.510009766,0.95007984,0.023763384,-0.372404557,1.186581394
04-02-2026,364.2000122,370.2799988,359.0299988,360.5899963,83031200,TSLA,-0.054215005,383.8599991,0.026564064,11.25,-20.67001343,1.311243343,0.031198869,2.141378612,-1.833057425
04-06-2026,362.5899963,367.7200012,346.6400146,352.8200073,77697600,TSLA,-0.021547988,381.6644989,0.026557665,21.07998657,-7.769989014,1.213936895,0.059747141,1.404373183,-0.603835024
04-07-2026,346.4400024,348.019989,337.2399902,346.6499939,74515400,TSLA,-0.017487708,379.062999,0.026567194,10.77999878,-6.170013428,1.157440408,0.031097646,1.012301448,-0.408625242
04-08-2026,363.7900085,364.5,339.6700134,343.25,78838600,TSLA,-0.009808146,376.2634995,0.026506922,24.82998657,-3.399993896,1.206249259,0.072337907,1.291934386,-0.098684612
04-09-2026,343.1499939,348.8800049,337.25,345.6199951,62164000,TSLA,0.006904574,373.1534988,0.025869185,11.63000488,2.369995117,0.951412081,0.033649688,-0.304086189,0.573122431
04-10-2026,346.2900085,350.3599854,342.7399902,348.9500122,51336000,TSLA,0.009634909,370.850499,0.025533599,7.619995117,3.33001709,0.791528657,0.021836925,-1.244336305,0.607209898
4/13/2026,350.0700073,356.3500061,348.5700073,352.4200134,53617500,TSLA,0.009944121,368.911499,0.025755887,7.779998779,3.470001221,0.829832331,0.022075928,-0.993287004,0.575945769
4/14/2026,357.6700134,367.6300049,354.769989,364.2000122,59979600,TSLA,0.033426021,367.3434998,0.02694059,12.86001587,11.77999878,0.926926904,0.035310311,-0.429156865,1.380884772
4/15/2026,366.8299866,394.6499939,362.5,391.9500122,113810400,TSLA,0.076194396,366.9775009,0.032272755,32.1499939,27.75,1.672354061,0.08202575,3.08631226,2.374431941
4/16/2026,393.8099976,394.0599976,381.7999878,388.8999939,63515100,TSLA,-0.007781651,366.7835007,0.032109359,12.26000977,-3.050018311,0.924701884,0.031524839,-0.361327357,-0.241992881
4/17/2026,395.9200134,409.2799988,391.6499939,400.6199951,90640000,TSLA,0.030136285,367.799501,0.031869485,17.63000488,11.72000122,1.297355572,0.044006802,1.373870693,0.848843624
4/20/2026,402.5799866,406.7999878,388.3299866,392.5,64603900,TSLA,-0.020268572,369.0265015,0.031265429,18.47000122,-8.119995117,0.934068842,0.047057328,-0.30363102,-0.766393524
4/21/2026,393,393.9500122,385.2200012,386.4200134,50530600,TSLA,-0.015490412,369.3050018,0.030634801,8.730010986,-6.079986572,0.743532353,0.022592026,-1.123338036,-0.543740773
4/22/2026,387.5700073,393.0100098,385.2999878,387.5100098,62362800,TSLA,0.002820755,369.5290024,0.030618946,7.710021973,1.089996338,0.916048094,0.019896317,-0.369655219,0.058752502
4/23/2026,375.2799988,386,368.3900146,373.7200012,93969500,TSLA,-0.0355862,368.9175018,0.031636162,17.60998535,-13.79000854,1.342063002,0.0471208,1.480879097,-1.088865719
4/24/2026,373.5,382.7600098,370.730011,376.2999878,62893300,TSLA,0.006903528,369.127002,0.030593932,12.02999878,2.579986572,0.893533009,0.031969171,-0.471093965,0.192980659
4/27/2026,372.0899963,380.7799988,364.019989,378.6700134,66735800,TSLA,0.006298235,369.9690033,0.029854812,16.76000977,2.370025635,0.944988949,0.044260198,-0.2456806,0.120667988
4/28/2026,374.6799927,382.2900085,372.5400085,376.019989,50864400,TSLA,-0.006998242,371.0060028,0.029549363,9.75,-2.650024414,0.729069168,0.025929473,-1.151507056,-0.346848898
4/29/2026,375.3999939,376.3999939,370.0400085,372.7999878,45384800,TSLA,-0.008563378,371.0585022,0.027834747,6.359985352,-3.220001221,0.664893853,0.017060047,-1.32819441,-0.325788503
4/30/2026,372.75,384.75,368.1700134,381.6300049,51076000,TSLA,0.023685669,371.077002,0.027747935,16.57998657,8.83001709,0.75246406,0.043445186,-0.958721175,0.838823106
05-01-2026,382.4899902,397.8200073,378.7999878,390.8200073,65338300,TSLA,0.024080922,372.5885025,0.025025156,19.02001953,9.190002441,0.975290505,0.048666955,-0.096448042,0.789448286
05-04-2026,390.230011,394.6400146,384.7999878,392.5100098,48765100,TSLA,0.004324248,374.5730026,0.024274784,9.840026855,1.690002441,0.743970877,0.025069493,-0.96276608,-0.053315418
05-05-2026,395.1900024,402.1199951,389,389.3699951,47780600,TSLA,-0.007999833,376.7090027,0.023889107,13.11999512,-3.140014648,0.744126547,0.033695445,-0.926684024,-0.589921381
05-06-2026,386.25,401.6799927,384.019989,398.730011,53465400,TSLA,0.024038873,379.4830032,0.023902252,17.66000366,9.360015869,0.849443822,0.044290631,-0.540435738,0.680005411
05-07-2026,407.480011,415.8299866,402.1199951,411.7900085,64294200,TSLA,0.032753987,382.7915039,0.024542433,13.70999146,13.05999756,1.019763224,0.033293648,0.071055955,0.964708894
05-08-2026,416.480011,431.2000122,416.3900146,428.3500061,65050000,TSLA,0.040214666,386.7615036,0.025512365,14.80999756,16.55999756,1.020650481,0.034574524,0.075986272,1.160535078
05-11-2026,422.1600037,449.1600037,416.7999878,445,78376100,TSLA,0.038870068,391.3905029,0.026281152,32.36001587,16.6499939,1.206309599,0.072719137,0.768422027,1.02039286
05-12-2026,441.4100037,447.7999878,422.2600098,433.4500122,60569300,TSLA,-0.025955029,394.8530029,0.027081529,25.53997803,-11.54998779,0.931817035,0.058922545,-0.254192146,-1.293831845
5/13/2026,436.6700134,453.3999939,430.2099915,445.269989,68283200,TSLA,0.027269527,397.5190018,0.022527168,23.19000244,11.81997681,1.088613585,0.052080767,0.421705526,0.915865438
5/14/2026,446.4899902,451.980011,441.1600037,443.2999878,46070400,TSLA,-0.004424285,400.2390015,0.022426346,10.82000732,-1.970001221,0.744840745,0.024407867,-1.152606308,-0.500742532
5/15/2026,433.980011,434.6600037,422,422.2399902,52688700,TSLA,-0.047507327,401.3200012,0.024772668,12.66000366,-21.05999756,0.878802344,0.029982957,-0.6044797,-2.03573903
5/18/2026,419.269989,421.1300049,405.3299866,409.9899902,52474200,TSLA,-0.029011937,402.1945007,0.025275526,15.80001831,-12.25,0.884168608,0.038537571,-0.569080232,-1.24619085
5/19/2026,403.1600037,405.6300049,393.6300049,404.1099854,46354700,TSLA,-0.014341825,403.0789993,0.025233801,12,-5.880004883,0.783815107,0.029694886,-1.041571327,-0.669159849
5/20/2026,407.644989,415.1499939,406.3900146,412.5299988,30275596,TSLA,0.020835945,404.3299988,0.025563599,8.759979248,8.420013428,0.526207413,0.021234769,-1.971085466,0.68032534
